model,fold,method,biomarker,scope,coverage,pointwise_coverage,mean_width,mean_normalized_width,mean_absolute_error,n_test_subjects
bootstrap,0,bonferroni_cp,hippocampus_left,biomarker,0.991304347826087,0.9984057971014492,1.9397273876988723,1.930400098025405,0.1727985184591146,230
bootstrap,0,bonferroni_cp,hippocampus_right,biomarker,0.9869565217391304,0.995,1.7344560145828254,1.725460124140776,0.163255268727785,230
bootstrap,0,bonferroni_cp,ventricle_left,biomarker,0.9739130434782608,0.9921980676328502,1.208778201524047,1.2142277173695109,0.1325760235752457,230
bootstrap,0,bonferroni_cp,ventricle_right,biomarker,0.9739130434782608,0.9934178743961352,1.1362662451754542,1.143419939444143,0.1311713399691233,230
bootstrap,0,joint_cp,hippocampus_left,biomarker,0.982608695652174,0.9947826086956524,1.7169866950214354,1.7087304666609375,0.1727985184591146,230
bootstrap,0,joint_cp,hippocampus_right,biomarker,0.9869565217391304,0.995,1.6275631503003063,1.6191216679770204,0.163255268727785,230
bootstrap,0,joint_cp,ventricle_left,biomarker,0.9739130434782608,0.991111111111111,1.1734939623562803,1.1787844068185929,0.1325760235752457,230
bootstrap,0,joint_cp,ventricle_right,biomarker,0.982608695652174,0.994830917874396,1.1957949280858886,1.2033234024728523,0.1311713399691233,230
bootstrap,0,raw,hippocampus_left,biomarker,0.4913043478260869,0.7623440931049627,0.517548345450066,0.5150596847399839,0.1727985184591146,230
bootstrap,0,raw,hippocampus_right,biomarker,0.4695652173913043,0.7728632599284774,0.4905935602941881,0.4880490588004199,0.163255268727785,230
bootstrap,0,raw,ventricle_left,biomarker,0.4956521739130435,0.7126439864483343,0.3537242650561174,0.3553189546235815,0.1325760235752457,230
bootstrap,0,raw,ventricle_right,biomarker,0.5043478260869565,0.7210817805383023,0.3604464064526091,0.3627157015257998,0.1311713399691233,230
bootstrap,0,single_cp,hippocampus_left,biomarker,0.9,0.9667770876466528,1.1733063684131162,1.1676644578831543,0.1727985184591146,230
bootstrap,0,single_cp,hippocampus_right,biomarker,0.9304347826086956,0.9810697032436164,1.1747521615516705,1.1686592184888156,0.163255268727785,230
bootstrap,0,single_cp,ventricle_left,biomarker,0.9347826086956522,0.9772291235334712,0.7905578979210219,0.7941219577179686,0.1325760235752457,230
bootstrap,0,single_cp,ventricle_right,biomarker,0.917391304347826,0.9655745341614906,0.7599618047018639,0.76474636503691,0.1311713399691233,230
bootstrap,0,bonferroni_cp,ALL_JOINT,joint,0.9391304347826088,,,1.5033769697449588,,230
bootstrap,0,joint_cp,ALL_JOINT,joint,0.9391304347826088,,,1.4274899859823509,,230
bootstrap,0,raw,ALL_JOINT,joint,0.108695652173913,,,0.4302858499224463,,230
bootstrap,0,single_cp,ALL_JOINT,joint,0.7434782608695653,,,0.9737979997817122,,230
dqr,0,bonferroni_cp,hippocampus_left,biomarker,0.982608695652174,0.9966977225672876,1.9025987807581213,1.893450026106794,0.1918696130708582,230
dqr,0,bonferroni_cp,hippocampus_right,biomarker,0.9739130434782608,0.9953362820754124,1.7160051838603512,1.7071049900807418,0.1855185748997809,230
dqr,0,bonferroni_cp,ventricle_left,biomarker,0.9869565217391304,0.9965700483091788,1.6827392899401017,1.69032555714177,0.1270138696478388,230
dqr,0,bonferroni_cp,ventricle_right,biomarker,0.9652173913043478,0.9871256038647344,1.4747033386407515,1.4839877619583004,0.1487003398949043,230
dqr,0,joint_cp,hippocampus_left,biomarker,0.9739130434782608,0.993750862663906,1.722316724426487,1.7140348663158786,0.1918696130708582,230
dqr,0,joint_cp,hippocampus_right,biomarker,0.9739130434782608,0.9953362820754124,1.7164776045170826,1.707574960491151,0.1855185748997809,230
dqr,0,joint_cp,ventricle_left,biomarker,0.9478260869565216,0.9874965493443756,1.166345014760778,1.1716032297345451,0.1270138696478388,230
dqr,0,joint_cp,ventricle_right,biomarker,0.9652173913043478,0.9871256038647344,1.5252148813983328,1.534817314808553,0.1487003398949043,230
dqr,0,raw,hippocampus_left,biomarker,0.5130434782608696,0.7953257732605559,0.614037973053196,0.6110853364706036,0.1918696130708582,230
dqr,0,raw,hippocampus_right,biomarker,0.591304347826087,0.8413855950812472,0.7104569451060787,0.7067721051399846,0.1855185748997809,230
dqr,0,raw,ventricle_left,biomarker,0.6869565217391305,0.8552326055586924,0.5638428651697464,0.5663848291332098,0.1270138696478388,230
dqr,0,raw,ventricle_right,biomarker,0.8,0.9160256289604116,0.7095401554284714,0.7140072716213927,0.1487003398949043,230
dqr,0,single_cp,hippocampus_left,biomarker,0.8826086956521739,0.9594202898550724,1.1883691374132423,1.1826547967002357,0.1918696130708582,230
dqr,0,single_cp,hippocampus_right,biomarker,0.9217391304347826,0.9734293242988896,1.2834850327220455,1.276828138202207,0.1855185748997809,230
dqr,0,single_cp,ventricle_left,biomarker,0.917391304347826,0.97689770374553,0.9634927832491226,0.9678364826827212,0.1270138696478388,230
dqr,0,single_cp,ventricle_right,biomarker,0.8913043478260869,0.9617184265010352,0.8948750763116501,0.9005090223447954,0.1487003398949043,230
dqr,0,bonferroni_cp,ALL_JOINT,joint,0.9304347826086956,,,1.6937170838219016,,230
dqr,0,joint_cp,ALL_JOINT,joint,0.9043478260869564,,,1.532007592837532,,230
dqr,0,raw,ALL_JOINT,joint,0.2347826086956521,,,0.6495623855912976,,230
dqr,0,single_cp,ALL_JOINT,joint,0.7434782608695653,,,1.0819571099824898,,230
dqr,1,bonferroni_cp,hippocampus_left,biomarker,0.982608695652174,0.9962042788129744,2.160938864471278,2.1619876927054094,0.1982099982917107,230
dqr,1,bonferroni_cp,hippocampus_right,biomarker,0.9695652173913044,0.9930449984797812,2.053314463382892,2.0392172203332293,0.1835036396919686,230
dqr,1,bonferroni_cp,ventricle_left,biomarker,0.9739130434782608,0.9950741890959284,1.327198622944554,1.3309668838397102,0.1526105579536026,230
dqr,1,bonferroni_cp,ventricle_right,biomarker,0.982608695652174,0.9963504611330698,1.4342685512791389,1.420219253196784,0.1395713829053015,230
dqr,1,joint_cp,hippocampus_left,biomarker,0.9521739130434784,0.9887284334023464,1.7917025977544931,1.7925722143376313,0.1982099982917107,230
dqr,1,joint_cp,hippocampus_right,biomarker,0.9347826086956522,0.9867118509509814,1.8025381287084927,1.7901626165500573,0.1835036396919686,230
dqr,1,joint_cp,ventricle_left,biomarker,0.9739130434782608,0.9950741890959284,1.2993133611584122,1.3030024485676084,0.1526105579536026,230
dqr,1,joint_cp,ventricle_right,biomarker,0.9695652173913044,0.9940107597716292,1.267868118692469,1.255448786822758,0.1395713829053015,230
dqr,1,raw,hippocampus_left,biomarker,0.6391304347826087,0.863658732571776,0.8449602181928964,0.8453703261085479,0.1982099982917107,230
dqr,1,raw,hippocampus_right,biomarker,0.6,0.8465433358911619,0.9151485126077454,0.9088654657394571,0.1835036396919686,230
dqr,1,raw,ventricle_left,biomarker,0.7130434782608696,0.8697168049341962,0.6929447038199507,0.694912153442613,0.1526105579536026,230
dqr,1,raw,ventricle_right,biomarker,0.7565217391304347,0.9111611576828968,0.6735378078709359,0.6669402056129239,0.1395713829053015,230
dqr,1,single_cp,hippocampus_left,biomarker,0.8739130434782608,0.9645196832153354,1.263361578704676,1.263974760926278,0.1982099982917107,230
dqr,1,single_cp,hippocampus_right,biomarker,0.8826086956521739,0.967928424232772,1.4093400399743836,1.3996640700060976,0.1835036396919686,230
dqr,1,single_cp,ventricle_left,biomarker,0.9347826086956522,0.9791407867494824,0.9603034017707908,0.963029952035249,0.1526105579536026,230
dqr,1,single_cp,ventricle_right,biomarker,0.8913043478260869,0.9709415101806406,0.8737846783886666,0.8652255690116055,0.1395713829053015,230
dqr,1,bonferroni_cp,ALL_JOINT,joint,0.9304347826086956,,,1.7380977625187832,,230
dqr,1,joint_cp,ALL_JOINT,joint,0.8782608695652174,,,1.5352965165695138,,230
dqr,1,raw,ALL_JOINT,joint,0.3347826086956522,,,0.7790220377258856,,230
dqr,1,single_cp,ALL_JOINT,joint,0.7434782608695653,,,1.1229735879948075,,230
dqr,2,bonferroni_cp,hippocampus_left,biomarker,0.9869565217391304,0.9982142857142856,2.054150955907464,2.0745804318989363,0.1996572971215961,230
dqr,2,bonferroni_cp,hippocampus_right,biomarker,0.982608695652174,0.9970186335403728,1.9110873960441483,1.9241027046413333,0.1768620044309571,230
dqr,2,bonferroni_cp,ventricle_left,biomarker,0.982608695652174,0.9956780538302278,1.3886555807578147,1.380637665922234,0.1287884981761465,230
dqr,2,bonferroni_cp,ventricle_right,biomarker,0.9739130434782608,0.9934989648033126,1.5555866718513018,1.5622807309194815,0.1210581384494639,230
dqr,2,joint_cp,hippocampus_left,biomarker,0.9869565217391304,0.9982142857142856,2.013884568340839,2.033913576588843,0.1996572971215961,230
dqr,2,joint_cp,hippocampus_right,biomarker,0.9782608695652174,0.995776397515528,1.7967192692578264,1.8089556828306987,0.1768620044309571,230
dqr,2,joint_cp,ventricle_left,biomarker,0.982608695652174,0.9956780538302278,1.3886555807578147,1.380637665922234,0.1287884981761465,230
dqr,2,joint_cp,ventricle_right,biomarker,0.9608695652173912,0.98472049689441,1.234945665391986,1.2402599300226338,0.1210581384494639,230
dqr,2,raw,hippocampus_left,biomarker,0.6,0.8452570738440303,0.7806457450309989,0.7884096259960717,0.1996572971215961,230
dqr,2,raw,hippocampus_right,biomarker,0.4956521739130435,0.796067977915804,0.5850785993522537,0.5890632305836359,0.1768620044309571,230
dqr,2,raw,ventricle_left,biomarker,0.7913043478260869,0.9110904071773636,0.6407180057751714,0.6370185842086482,0.1287884981761465,230
dqr,2,raw,ventricle_right,biomarker,0.6869565217391305,0.8765044858523119,0.5945261478644855,0.5970845351426729,0.1210581384494639,230
dqr,2,single_cp,hippocampus_left,biomarker,0.8913043478260869,0.9710817805383024,1.3415143659034965,1.354856343255075,0.1996572971215961,230
dqr,2,single_cp,hippocampus_right,biomarker,0.908695652173913,0.977244651483782,1.2562698744720353,1.2648256004589502,0.1768620044309571,230
dqr,2,single_cp,ventricle_left,biomarker,0.9130434782608696,0.9757246376811594,0.912754438995081,0.9074843148123324,0.1287884981761465,230
dqr,2,single_cp,ventricle_right,biomarker,0.908695652173913,0.970771221532091,0.913897252104903,0.917829969129636,0.1210581384494639,230
dqr,2,bonferroni_cp,ALL_JOINT,joint,0.9434782608695652,,,1.7354003833454963,,230
dqr,2,joint_cp,ALL_JOINT,joint,0.9347826086956522,,,1.6159417138411023,,230
dqr,2,raw,ALL_JOINT,joint,0.2652173913043478,,,0.6528939939827572,,230
dqr,2,single_cp,ALL_JOINT,joint,0.7347826086956522,,,1.1112490569139986,,230
dqr,3,bonferroni_cp,hippocampus_left,biomarker,0.9739130434782608,0.9936834180312442,1.9475711700942588,1.9760927577874123,0.2226156777095939,230
dqr,3,bonferroni_cp,hippocampus_right,biomarker,0.9521739130434784,0.9898029989334336,1.8125821902354595,1.8287216472746164,0.2148289766158607,230
dqr,3,bonferroni_cp,ventricle_left,biomarker,0.9739130434782608,0.9951397515527952,1.287193744962582,1.264772349646935,0.1286327742075502,230
dqr,3,bonferroni_cp,ventricle_right,biomarker,0.9782608695652174,0.994083850931677,1.3309721192497537,1.30545213088138,0.1269233398147677,230
dqr,3,joint_cp,hippocampus_left,biomarker,0.9739130434782608,0.9936834180312442,1.8987246939916116,1.926530939892354,0.2226156777095939,230
dqr,3,joint_cp,hippocampus_right,biomarker,0.9347826086956522,0.9842836752619362,1.6611753112986094,1.675966622675077,0.2148289766158607,230
dqr,3,joint_cp,ventricle_left,biomarker,0.9739130434782608,0.9924223602484472,1.2051795418909876,1.1841867371630144,0.1286327742075502,230
dqr,3,joint_cp,ventricle_right,biomarker,0.9739130434782608,0.9922308488612837,1.1878868782357477,1.1651103986408125,0.1269233398147677,230
dqr,3,raw,hippocampus_left,biomarker,0.6695652173913044,0.8823616600790514,0.902360272171743,0.9155750640257008,0.2226156777095939,230
dqr,3,raw,hippocampus_right,biomarker,0.5782608695652174,0.8130602609950436,0.6899895026286478,0.6961332548927577,0.2148289766158607,230
dqr,3,raw,ventricle_left,biomarker,0.7260869565217392,0.8912019260932303,0.6494784053019371,0.6381652582863931,0.1286327742075502,230
dqr,3,raw,ventricle_right,biomarker,0.7391304347826086,0.885205000313696,0.6244203290123268,0.6124477269548525,0.1269233398147677,230
dqr,3,single_cp,hippocampus_left,biomarker,0.9,0.9723444068009286,1.3213694808509422,1.3407205351804858,0.2226156777095939,230
dqr,3,single_cp,hippocampus_right,biomarker,0.8478260869565217,0.956940523244871,1.2899084641536112,1.3013939693923822,0.2148289766158607,230
dqr,3,single_cp,ventricle_left,biomarker,0.8913043478260869,0.971323326432022,0.8854625518969383,0.8700388396617149,0.1286327742075502,230
dqr,3,single_cp,ventricle_right,biomarker,0.9347826086956522,0.9744685990338164,0.9421257740039154,0.9240615047030096,0.1269233398147677,230
dqr,3,bonferroni_cp,ALL_JOINT,joint,0.9043478260869564,,,1.593759721397586,,230
dqr,3,joint_cp,ALL_JOINT,joint,0.8869565217391304,,,1.4879486745928143,,230
dqr,3,raw,ALL_JOINT,joint,0.3347826086956522,,,0.7155803260399259,,230
dqr,3,single_cp,ALL_JOINT,joint,0.7130434782608696,,,1.1090537122343982,,230
dqr,4,bonferroni_cp,hippocampus_left,biomarker,0.9478260869565216,0.98413906142167,1.7148565875033932,1.704706313353098,0.1938920475501242,230
dqr,4,bonferroni_cp,hippocampus_right,biomarker,0.9782608695652174,0.994052795031056,1.780081356291648,1.7616099425674294,0.1969607460011693,230
dqr,4,bonferroni_cp,ventricle_left,biomarker,0.991304347826087,0.9978260869565218,1.4503698315299431,1.4357404773744529,0.1275726503096151,230
dqr,4,bonferroni_cp,ventricle_right,biomarker,0.982608695652174,0.9952898550724636,1.5264698481191157,1.5183472429295886,0.1239460606104978,230
dqr,4,joint_cp,hippocampus_left,biomarker,0.9478260869565216,0.98413906142167,1.6854644383751236,1.6754881370069794,0.1938920475501242,230
dqr,4,joint_cp,hippocampus_right,biomarker,0.9739130434782608,0.9930262249827468,1.653163757660934,1.6360093328849488,0.1969607460011693,230
dqr,4,joint_cp,ventricle_left,biomarker,0.9739130434782608,0.9930434782608696,1.200820979086248,1.1887087336447772,0.1275726503096151,230
dqr,4,joint_cp,ventricle_right,biomarker,0.9521739130434784,0.9835573122529644,1.1214574245189075,1.1154899591887175,0.1239460606104978,230
dqr,4,raw,hippocampus_left,biomarker,0.5826086956521739,0.8326367714411192,0.7244639621715145,0.720175843922072,0.1938920475501242,230
dqr,4,raw,hippocampus_right,biomarker,0.508695652173913,0.800287188656754,0.676151717429038,0.6691354773741501,0.1969607460011693,230
dqr,4,raw,ventricle_left,biomarker,0.6739130434782609,0.8545923520923522,0.590650733915655,0.5846930543081458,0.1275726503096151,230
dqr,4,raw,ventricle_right,biomarker,0.7260869565217392,0.8771259175607001,0.5692593818534369,0.5662302560472987,0.1239460606104978,230
dqr,4,single_cp,hippocampus_left,biomarker,0.8739130434782608,0.9585369220151828,1.2492518650035458,1.2418575155256022,0.1938920475501242,230
dqr,4,single_cp,hippocampus_right,biomarker,0.9217391304347826,0.9801863354037268,1.2619983799504004,1.2489029705114072,0.1969607460011693,230
dqr,4,single_cp,ventricle_left,biomarker,0.908695652173913,0.9726173222912352,0.8683258261359614,0.8595673386407396,0.1275726503096151,230
dqr,4,single_cp,ventricle_right,biomarker,0.8913043478260869,0.9638986134638308,0.8858501082290168,0.8811363494246027,0.1239460606104978,230
dqr,4,bonferroni_cp,ALL_JOINT,joint,0.9304347826086956,,,1.6051009940561425,,230
dqr,4,joint_cp,ALL_JOINT,joint,0.8913043478260869,,,1.4039240406813556,,230
dqr,4,raw,ALL_JOINT,joint,0.2130434782608695,,,0.6350586579129167,,230
dqr,4,single_cp,ALL_JOINT,joint,0.7260869565217392,,,1.057866043525588,,230
dqr,5,bonferroni_cp,hippocampus_left,biomarker,0.982608695652174,0.9959316770186336,2.036032847011132,2.0208627794522607,0.1920736467114329,230
dqr,5,bonferroni_cp,hippocampus_right,biomarker,0.991304347826087,0.9990217391304348,2.127471226108077,2.1148548680470407,0.1779161063029035,230
dqr,5,bonferroni_cp,ventricle_left,biomarker,0.9695652173913044,0.9944151138716356,1.4047890965252412,1.3993607111600104,0.138164924303694,230
dqr,5,bonferroni_cp,ventricle_right,biomarker,0.9739130434782608,0.99268115942029,1.2350831699241354,1.216210368138508,0.1288109789526417,230
dqr,5,joint_cp,hippocampus_left,biomarker,0.9565217391304348,0.9914818997427692,1.6951552235811755,1.6825249660181651,0.1920736467114329,230
dqr,5,joint_cp,hippocampus_right,biomarker,0.982608695652174,0.9960144927536232,1.843277475282815,1.8323464467694213,0.1779161063029035,230
dqr,5,joint_cp,ventricle_left,biomarker,0.9608695652173912,0.9905848861283644,1.2566387229755027,1.2517828202139738,0.138164924303694,230
dqr,5,joint_cp,ventricle_right,biomarker,0.9869565217391304,0.9965942028985508,1.3796007704604818,1.358519654209988,0.1288109789526417,230
dqr,5,raw,hippocampus_left,biomarker,0.5869565217391305,0.8345023213501475,0.7317673478961417,0.7263150978888511,0.1920736467114329,230
dqr,5,raw,hippocampus_right,biomarker,0.7086956521739131,0.8841199259677521,0.8861153301119837,0.8808604772374196,0.1779161063029035,230
dqr,5,raw,ventricle_left,biomarker,0.6347826086956522,0.8104329004329004,0.5497258369236482,0.5476015866034921,0.138164924303694,230
dqr,5,raw,ventricle_right,biomarker,0.8043478260869565,0.920916149068323,0.6739637923110675,0.6636652266980672,0.1288109789526417,230
dqr,5,single_cp,hippocampus_left,biomarker,0.9043478260869564,0.973603896103896,1.3304586325526664,1.3205456552793695,0.1920736467114329,230
dqr,5,single_cp,hippocampus_right,biomarker,0.9347826086956522,0.9840062111801244,1.4276576552808318,1.4191913409323396,0.1779161063029035,230
dqr,5,single_cp,ventricle_left,biomarker,0.8956521739130435,0.9648240165631472,0.9582546417027008,0.9545517545675074,0.138164924303694,230
dqr,5,single_cp,ventricle_right,biomarker,0.8913043478260869,0.9652018633540372,0.8605746102203082,0.8474245208692982,0.1288109789526417,230
dqr,5,bonferroni_cp,ALL_JOINT,joint,0.9391304347826088,,,1.687822181699455,,230
dqr,5,joint_cp,ALL_JOINT,joint,0.917391304347826,,,1.531293471802887,,230
dqr,5,raw,ALL_JOINT,joint,0.2739130434782608,,,0.7046105971069574,,230
dqr,5,single_cp,ALL_JOINT,joint,0.7391304347826086,,,1.1354283179121287,,230
dqr,6,bonferroni_cp,hippocampus_left,biomarker,0.9782608695652174,0.996171497584541,2.1619390562599943,2.147466213758019,0.2181364580393535,230
dqr,6,bonferroni_cp,hippocampus_right,biomarker,0.982608695652174,0.9946256038647344,1.987220281251303,1.9806026955504463,0.2311514372821619,230
dqr,6,bonferroni_cp,ventricle_left,biomarker,0.9565217391304348,0.988117196812849,1.342952317947012,1.3399242893690204,0.1496808411870806,230
dqr,6,bonferroni_cp,ventricle_right,biomarker,0.9565217391304348,0.9855688876341052,1.2807155571781337,1.2773436630480783,0.1388744291487454,230
dqr,6,joint_cp,hippocampus_left,biomarker,0.9695652173913044,0.9948704435660958,1.992683222378643,1.9793434428181105,0.2181364580393535,230
dqr,6,joint_cp,hippocampus_right,biomarker,0.982608695652174,0.9946256038647344,1.9292454658826503,1.922820940464448,0.2311514372821619,230
dqr,6,joint_cp,ventricle_left,biomarker,0.9565217391304348,0.988117196812849,1.3105573690967842,1.307602383194687,0.1496808411870806,230
dqr,6,joint_cp,ventricle_right,biomarker,0.9521739130434784,0.9825597590814984,1.0786114799360011,1.0757716895567695,0.1388744291487454,230
dqr,6,raw,hippocampus_left,biomarker,0.691304347826087,0.8853058535667232,0.988260270697479,0.9816444804848228,0.2181364580393535,230
dqr,6,raw,hippocampus_right,biomarker,0.5826086956521739,0.8290371102327624,0.7456830679258024,0.7431998899639868,0.2311514372821619,230
dqr,6,raw,ventricle_left,biomarker,0.6956521739130435,0.8491172595520421,0.6449157664714871,0.6434616393627463,0.1496808411870806,230
dqr,6,raw,ventricle_right,biomarker,0.591304347826087,0.7894748729531338,0.5240317307316006,0.5226520492661001,0.1388744291487454,230
dqr,6,single_cp,hippocampus_left,biomarker,0.9130434782608696,0.9723062927410754,1.5077174023217008,1.4976241684545826,0.2181364580393535,230
dqr,6,single_cp,hippocampus_right,biomarker,0.9,0.96779126670431,1.2678114115079555,1.2635895088093303,0.2311514372821619,230
dqr,6,single_cp,ventricle_left,biomarker,0.8826086956521739,0.9565953008344312,0.915524079853159,0.9134597972717248,0.1496808411870806,230
dqr,6,single_cp,ventricle_right,biomarker,0.8782608695652174,0.9549433778781604,0.8441880330346764,0.8419654375041554,0.1388744291487454,230
dqr,6,bonferroni_cp,ALL_JOINT,joint,0.9217391304347826,,,1.686334215431391,,230
dqr,6,joint_cp,ALL_JOINT,joint,0.908695652173913,,,1.5713846140085037,,230
dqr,6,raw,ALL_JOINT,joint,0.2130434782608695,,,0.722739514769414,,230
dqr,6,single_cp,ALL_JOINT,joint,0.7043478260869566,,,1.1291597280099483,,230
dqr,7,bonferroni_cp,hippocampus_left,biomarker,0.9739130434782608,0.9941977225672878,2.016874263799333,2.04923619322546,0.1947243653725966,230
dqr,7,bonferroni_cp,hippocampus_right,biomarker,0.9608695652173912,0.9875189786059352,1.9322608599399516,1.9617526014561883,0.2283736969738377,230
dqr,7,bonferroni_cp,ventricle_left,biomarker,0.982608695652174,0.996135265700483,1.38139487319828,1.3610684293327988,0.1142243192056439,230
dqr,7,bonferroni_cp,ventricle_right,biomarker,0.9869565217391304,0.9971014492753624,1.4857939309091888,1.459160784382568,0.1921231602922037,230
dqr,7,joint_cp,hippocampus_left,biomarker,0.9739130434782608,0.9941977225672878,1.911263566576503,1.9419309104791227,0.1947243653725966,230
dqr,7,joint_cp,hippocampus_right,biomarker,0.9565217391304348,0.9847239475500345,1.8828879484867045,1.911626120351622,0.2283736969738377,230
dqr,7,joint_cp,ventricle_left,biomarker,0.9782608695652174,0.9939613526570048,1.2255333351820084,1.2075003056506493,0.1142243192056439,230
dqr,7,joint_cp,ventricle_right,biomarker,0.991304347826087,0.9978260869565218,1.5744886692851152,1.546265652242695,0.1921231602922037,230
dqr,7,raw,hippocampus_left,biomarker,0.6,0.8538195620804316,0.9500019054771895,0.965245242739982,0.1947243653725966,230
dqr,7,raw,hippocampus_right,biomarker,0.6304347826086957,0.8544220151828847,0.8789423594211525,0.8923574947215309,0.2283736969738377,230
dqr,7,raw,ventricle_left,biomarker,0.7956521739130434,0.9310468034381078,0.6230642896258923,0.6138962511791124,0.1142243192056439,230
dqr,7,raw,ventricle_right,biomarker,0.8173913043478261,0.9367322291235336,0.7328456653864704,0.7197092636408439,0.1921231602922037,230
dqr,7,single_cp,hippocampus_left,biomarker,0.9,0.9761991028295376,1.5536789398552413,1.5786086288819332,0.1947243653725966,230
dqr,7,single_cp,hippocampus_right,biomarker,0.8652173913043478,0.9489406487232572,1.2533136496280617,1.2724427449587776,0.2283736969738377,230
dqr,7,single_cp,ventricle_left,biomarker,0.9521739130434784,0.9879380764163372,0.901003557082424,0.8877457995932617,0.1142243192056439,230
dqr,7,single_cp,ventricle_right,biomarker,0.9391304347826088,0.981504485852312,0.927450777462276,0.9108260410580384,0.1921231602922037,230
dqr,7,bonferroni_cp,ALL_JOINT,joint,0.9217391304347826,,,1.7078045020992538,,230
dqr,7,joint_cp,ALL_JOINT,joint,0.9130434782608696,,,1.651830747181022,,230
dqr,7,raw,ALL_JOINT,joint,0.3043478260869565,,,0.7978020630703673,,230
dqr,7,single_cp,ALL_JOINT,joint,0.7347826086956522,,,1.162405803623003,,230
dqr,8,bonferroni_cp,hippocampus_left,biomarker,1.0,1.0,2.4050569773408195,2.452903104217332,0.2166586645510677,230
dqr,8,bonferroni_cp,hippocampus_right,biomarker,0.991304347826087,0.9987351778656128,2.271316415788828,2.3218531966293896,0.1959236251537102,230
dqr,8,bonferroni_cp,ventricle_left,biomarker,0.982608695652174,0.99649209486166,1.3647577914014233,1.343905062234608,0.1433611810261223,230
dqr,8,bonferroni_cp,ventricle_right,biomarker,0.982608695652174,0.9966183574879228,1.7485533883914337,1.7012787886446037,0.1370802862473023,230
dqr,8,joint_cp,hippocampus_left,biomarker,0.991304347826087,0.9980676328502416,2.055896696923864,2.096796640306819,0.2166586645510677,230
dqr,8,joint_cp,hippocampus_right,biomarker,0.9695652173913044,0.992830478700044,1.7460200704789235,1.7848690098127988,0.1959236251537102,230
dqr,8,joint_cp,ventricle_left,biomarker,0.9695652173913044,0.992473649538867,1.2501481866425548,1.2310466275829997,0.1433611810261223,230
dqr,8,joint_cp,ventricle_right,biomarker,0.9565217391304348,0.9878623188405796,1.160724767123161,1.1293429407824398,0.1370802862473023,230
dqr,8,raw,hippocampus_left,biomarker,0.6565217391304348,0.8807106902759076,0.8535302818509365,0.8705103860826199,0.2166586645510677,230
dqr,8,raw,hippocampus_right,biomarker,0.6,0.8372933829455569,0.6963783569356788,0.7118727724921949,0.1959236251537102,230
dqr,8,raw,ventricle_left,biomarker,0.7260869565217392,0.883322064409021,0.6356355997338665,0.625923446344051,0.1433611810261223,230
dqr,8,raw,ventricle_right,biomarker,0.6826086956521739,0.8893396337961555,0.6000791868314131,0.5838552021580279,0.1370802862473023,230
dqr,8,single_cp,hippocampus_left,biomarker,0.9043478260869564,0.9770438860656252,1.388065391847732,1.4156795205261603,0.2166586645510677,230
dqr,8,single_cp,hippocampus_right,biomarker,0.908695652173913,0.9729303908651734,1.2990366287252295,1.3279401883320707,0.1959236251537102,230
dqr,8,single_cp,ventricle_left,biomarker,0.8826086956521739,0.9644631696805608,0.8558235208108795,0.8427470201991968,0.1433611810261223,230
dqr,8,single_cp,ventricle_right,biomarker,0.8913043478260869,0.9650016770668944,0.8526910176619872,0.8296373169083766,0.1370802862473023,230
dqr,8,bonferroni_cp,ALL_JOINT,joint,0.9652173913043478,,,1.954985037931483,,230
dqr,8,joint_cp,ALL_JOINT,joint,0.917391304347826,,,1.5605138046212643,,230
dqr,8,raw,ALL_JOINT,joint,0.3217391304347826,,,0.6980404517692234,,230
dqr,8,single_cp,ALL_JOINT,joint,0.717391304347826,,,1.1040010114914511,,230
dqr,9,bonferroni_cp,hippocampus_left,biomarker,0.9652173913043478,0.992159953572997,1.6547771690383295,1.6393740716229883,0.2203245350200856,230
dqr,9,bonferroni_cp,hippocampus_right,biomarker,0.982608695652174,0.9968012422360248,1.915356207145753,1.896032229265153,0.1849974916899191,230
dqr,9,bonferroni_cp,ventricle_left,biomarker,0.9869565217391304,0.99743961352657,1.8746453663807223,1.898922443931691,0.1280480194291164,230
dqr,9,bonferroni_cp,ventricle_right,biomarker,1.0,1.0,2.0846057078946294,2.088362770658009,0.1295945878546306,230
dqr,9,joint_cp,hippocampus_left,biomarker,0.9956521739130436,0.9978260869565218,2.110748628254618,2.0911012295905445,0.2203245350200856,230
dqr,9,joint_cp,hippocampus_right,biomarker,0.9782608695652174,0.9944409937888198,1.656654312073376,1.6399403707381437,0.1849974916899191,230
dqr,9,joint_cp,ventricle_left,biomarker,0.9695652173913044,0.9921394064872324,1.1253461388230095,1.139919623479809,0.1280480194291164,230
dqr,9,joint_cp,ventricle_right,biomarker,0.982608695652174,0.9935472739820566,1.1998016527999105,1.2019640425967455,0.1295945878546306,230
dqr,9,raw,hippocampus_left,biomarker,0.6260869565217392,0.8527388794780099,0.805343031693969,0.7978466887409434,0.2203245350200856,230
dqr,9,raw,hippocampus_right,biomarker,0.5608695652173913,0.8169563648911474,0.7088334741726543,0.7016820720862753,0.1849974916899191,230
dqr,9,raw,ventricle_left,biomarker,0.6434782608695652,0.8429261559696343,0.5461520096760103,0.5532248005789212,0.1280480194291164,230
dqr,9,raw,ventricle_right,biomarker,0.7086956521739131,0.8707070707070708,0.6258279225934208,0.6269558456223918,0.1295945878546306,230
dqr,9,single_cp,hippocampus_left,biomarker,0.9130434782608696,0.9741749796097622,1.3143543003096918,1.3021199477305418,0.2203245350200856,230
dqr,9,single_cp,hippocampus_right,biomarker,0.908695652173913,0.970272444946358,1.2690944852963115,1.2562906247555077,0.1849974916899191,230
dqr,9,single_cp,ventricle_left,biomarker,0.9478260869565216,0.980552104899931,0.9152792236309356,0.927132294665794,0.1280480194291164,230
dqr,9,single_cp,ventricle_right,biomarker,0.917391304347826,0.9736180124223602,0.9158455870259464,0.9174962058163436,0.1295945878546306,230
dqr,9,bonferroni_cp,ALL_JOINT,joint,0.9391304347826088,,,1.8806728788694604,,230
dqr,9,joint_cp,ALL_JOINT,joint,0.9347826086956522,,,1.5182313166013108,,230
dqr,9,raw,ALL_JOINT,joint,0.2565217391304348,,,0.6699273517571329,,230
dqr,9,single_cp,ALL_JOINT,joint,0.7608695652173914,,,1.100759768242047,,230
drmc,0,bonferroni_cp,hippocampus_left,biomarker,0.9782608695652174,0.992608695652174,2.156183511675576,2.1458153803958444,0.228675214319923,230
drmc,0,bonferroni_cp,hippocampus_right,biomarker,0.9782608695652174,0.9962922705314008,1.979509201947249,1.969242324171148,0.1776252483335452,230
drmc,0,bonferroni_cp,ventricle_left,biomarker,0.9695652173913044,0.9913416776460254,1.5800008178504596,1.5871239108065256,0.1375892668210347,230
drmc,0,bonferroni_cp,ventricle_right,biomarker,0.9695652173913044,0.9920531400966184,1.5299643725789325,1.539596707790761,0.1592540725182513,230
drmc,0,joint_cp,hippocampus_left,biomarker,0.9565217391304348,0.9833643892339544,1.718848274157425,1.7105830942875746,0.228675214319923,230
drmc,0,joint_cp,hippocampus_right,biomarker,0.9695652173913044,0.992669082125604,1.883067570285568,1.8733008945008616,0.1776252483335452,230
drmc,0,joint_cp,ventricle_left,biomarker,0.9782608695652174,0.9941765480895915,1.86508507594854,1.8734934098030929,0.1375892668210347,230
drmc,0,joint_cp,ventricle_right,biomarker,0.9782608695652174,0.9959661835748792,1.6837746536845348,1.6943753462079376,0.1592540725182513,230
drmc,0,raw,hippocampus_left,biomarker,0.1869565217391304,0.5113477947173599,0.4206124676171491,0.4185899285992353,0.228675214319923,230
drmc,0,raw,hippocampus_right,biomarker,0.3478260869565217,0.6819254658385093,0.4607979120125402,0.4584079479560652,0.1776252483335452,230
drmc,0,raw,ventricle_left,biomarker,0.6086956521739131,0.8183200012547838,0.4563974899159158,0.458455059575917,0.1375892668210347,230
drmc,0,raw,ventricle_right,biomarker,0.4565217391304347,0.6799416525503482,0.4120297409716172,0.4146237939139036,0.1592540725182513,230
drmc,0,single_cp,hippocampus_left,biomarker,0.8956521739130435,0.9688250517598344,1.4755578716410436,1.4684625675348886,0.228675214319923,230
drmc,0,single_cp,hippocampus_right,biomarker,0.917391304347826,0.975011920446703,1.4076039835324523,1.4003033364620248,0.1776252483335452,230
drmc,0,single_cp,ventricle_left,biomarker,0.908695652173913,0.9639274734926908,1.021345639019242,1.025950155576964,0.1375892668210347,230
drmc,0,single_cp,ventricle_right,biomarker,0.9217391304347826,0.9740579710144928,1.0310332367197004,1.037524406010055,0.1592540725182513,230
drmc,0,bonferroni_cp,ALL_JOINT,joint,0.917391304347826,,,1.8104445807910696,,230
drmc,0,joint_cp,ALL_JOINT,joint,0.9043478260869564,,,1.7879381861998669,,230
drmc,0,raw,ALL_JOINT,joint,0.0347826086956521,,,0.4375191825112803,,230
drmc,0,single_cp,ALL_JOINT,joint,0.7478260869565218,,,1.2330601163959831,,230
drmc,1,bonferroni_cp,hippocampus_left,biomarker,0.9652173913043478,0.9936992114166028,2.283701951937814,2.28481036417701,0.1917769778396112,230
drmc,1,bonferroni_cp,hippocampus_right,biomarker,0.9782608695652174,0.9944993412384716,2.163675661085869,2.1488207218065174,0.1942088389774217,230
drmc,1,bonferroni_cp,ventricle_left,biomarker,0.9739130434782608,0.993439833113746,1.620478750638421,1.625079709833145,0.1495061982917074,230
drmc,1,bonferroni_cp,ventricle_right,biomarker,0.9565217391304348,0.9917163874772572,1.5003477327061097,1.4856511596653252,0.1960161514917426,230
drmc,1,joint_cp,hippocampus_left,biomarker,0.9347826086956522,0.9858830058830058,1.9246399697467895,1.9255741085019384,0.1917769778396112,230
drmc,1,joint_cp,hippocampus_right,biomarker,0.9521739130434784,0.9882865443735008,1.871980132145482,1.8591278587223865,0.1942088389774217,230
drmc,1,joint_cp,ventricle_left,biomarker,0.9739130434782608,0.9939229249011856,1.7388392069489078,1.7437762221576585,0.1495061982917074,230
drmc,1,joint_cp,ventricle_right,biomarker,0.9565217391304348,0.9917163874772572,1.5139639781945593,1.4991340279759382,0.1960161514917426,230
drmc,1,raw,hippocampus_left,biomarker,0.3608695652173913,0.6765541101410667,0.4695772060891672,0.4698051189838578,0.1917769778396112,230
drmc,1,raw,hippocampus_right,biomarker,0.3478260869565217,0.6534572432398519,0.4567291597390931,0.4535934384029162,0.1942088389774217,230
drmc,1,raw,ventricle_left,biomarker,0.4913043478260869,0.728233216059303,0.4242451874970833,0.4254497295470567,0.1495061982917074,230
drmc,1,raw,ventricle_right,biomarker,0.2869565217391304,0.5161447972317538,0.369379717674118,0.3657614791269842,0.1960161514917426,230
drmc,1,single_cp,hippocampus_left,biomarker,0.9043478260869564,0.9756154232241188,1.5755161778035895,1.5762808666514698,0.1917769778396112,230
drmc,1,single_cp,hippocampus_right,biomarker,0.8826086956521739,0.9682190997408388,1.5048350422009265,1.4945034414072491,0.1942088389774217,230
drmc,1,single_cp,ventricle_left,biomarker,0.8956521739130435,0.960233703494573,1.0361372738115755,1.0390791360945963,0.1495061982917074,230
drmc,1,single_cp,ventricle_right,biomarker,0.8565217391304348,0.959026239461022,1.0096258439031156,0.999736109919899,0.1960161514917426,230
drmc,1,bonferroni_cp,ALL_JOINT,joint,0.8913043478260869,,,1.8860904888704997,,230
drmc,1,joint_cp,ALL_JOINT,joint,0.8608695652173913,,,1.75690305433948,,230
drmc,1,raw,ALL_JOINT,joint,0.0260869565217391,,,0.4286524415152038,,230
drmc,1,single_cp,ALL_JOINT,joint,0.6782608695652174,,,1.2773998885183036,,230
drmc,2,bonferroni_cp,hippocampus_left,biomarker,0.9739130434782608,0.993100414078675,2.596628779522943,2.6224534469639957,0.2243684621145797,230
drmc,2,bonferroni_cp,hippocampus_right,biomarker,0.9782608695652174,0.994016563146998,2.3126645748255297,2.32841479283515,0.2009302075892135,230
drmc,2,bonferroni_cp,ventricle_left,biomarker,0.9869565217391304,0.9972670807453416,1.960785729536911,1.9494644104077512,0.134025942400934,230
drmc,2,bonferroni_cp,ventricle_right,biomarker,0.982608695652174,0.9945341614906832,1.6828259857099228,1.6900675857786631,0.1380847245069424,230
drmc,2,joint_cp,hippocampus_left,biomarker,0.9521739130434784,0.9870445134575568,2.150530470020478,2.1719184846061954,0.2243684621145797,230
drmc,2,joint_cp,hippocampus_right,biomarker,0.9782608695652174,0.9931469979296066,2.048647967862858,2.0626001217852403,0.2009302075892135,230
drmc,2,joint_cp,ventricle_left,biomarker,0.9869565217391304,0.9972670807453416,2.038663876210477,2.0268928988966426,0.134025942400934,230
drmc,2,joint_cp,ventricle_right,biomarker,0.982608695652174,0.9963975155279504,1.966551161843223,1.975013698760121,0.1380847245069424,230
drmc,2,raw,hippocampus_left,biomarker,0.3,0.6081383712905452,0.4906617590805787,0.4955416159373704,0.2243684621145797,230
drmc,2,raw,hippocampus_right,biomarker,0.2521739130434782,0.6144082125603865,0.4674164011523004,0.4705997033481997,0.2009302075892135,230
drmc,2,raw,ventricle_left,biomarker,0.5869565217391305,0.7982591442374051,0.4651384472779883,0.462452799008751,0.134025942400934,230
drmc,2,raw,ventricle_right,biomarker,0.5739130434782609,0.7695151828847481,0.4486853210314249,0.4506161205788619,0.1380847245069424,230
drmc,2,single_cp,hippocampus_left,biomarker,0.8913043478260869,0.9714423740510696,1.695578812890043,1.7124421240064769,0.2243684621145797,230
drmc,2,single_cp,hippocampus_right,biomarker,0.9347826086956522,0.9811680469289163,1.5046120125385036,1.5148590528898531,0.2009302075892135,230
drmc,2,single_cp,ventricle_left,biomarker,0.9217391304347826,0.976407867494824,1.1045963846840785,1.0982185903174917,0.134025942400934,230
drmc,2,single_cp,ventricle_right,biomarker,0.9130434782608696,0.9726190476190476,1.0675585893743451,1.0721525476444491,0.1380847245069424,230
drmc,2,bonferroni_cp,ALL_JOINT,joint,0.9347826086956522,,,2.14760005899639,,230
drmc,2,joint_cp,ALL_JOINT,joint,0.917391304347826,,,2.05910630101205,,230
drmc,2,raw,ALL_JOINT,joint,0.0695652173913043,,,0.4698025597182957,,230
drmc,2,single_cp,ALL_JOINT,joint,0.7434782608695653,,,1.3494180787145678,,230
drmc,3,bonferroni_cp,hippocampus_left,biomarker,0.9782608695652174,0.9970581592320724,2.636823054214238,2.6754385262067,0.1905520988181637,230
drmc,3,bonferroni_cp,hippocampus_right,biomarker,0.9565217391304348,0.9883416462764288,2.3808979610964816,2.4020977723738626,0.200236407740159,230
drmc,3,bonferroni_cp,ventricle_left,biomarker,0.9739130434782608,0.9933178053830228,1.7795765983068563,1.748578475016355,0.1509870510656169,230
drmc,3,bonferroni_cp,ventricle_right,biomarker,0.9782608695652174,0.9945496894409938,1.7272393764465837,1.6941213808411155,0.1442000395325417,230
drmc,3,joint_cp,hippocampus_left,biomarker,0.9565217391304348,0.9912902315076229,1.980124505735891,2.00912282713278,0.1905520988181637,230
drmc,3,joint_cp,hippocampus_right,biomarker,0.9304347826086956,0.9798633854068636,2.101632608809046,2.1203458066903287,0.200236407740159,230
drmc,3,joint_cp,ventricle_left,biomarker,0.9739130434782608,0.9933178053830228,1.8856853761172092,1.852838963194276,0.1509870510656169,230
drmc,3,joint_cp,ventricle_right,biomarker,0.982608695652174,0.995170807453416,1.9223248572883564,1.88546630308672,0.1442000395325417,230
drmc,3,raw,hippocampus_left,biomarker,0.3130434782608696,0.6542157600853252,0.4600204615029291,0.46675732130804,0.1905520988181637,230
drmc,3,raw,hippocampus_right,biomarker,0.3260869565217391,0.6679716418846854,0.4882490969918525,0.4925965276174858,0.200236407740159,230
drmc,3,raw,ventricle_left,biomarker,0.508695652173913,0.7140976535541753,0.4380804640355747,0.4304496195705179,0.1509870510656169,230
drmc,3,raw,ventricle_right,biomarker,0.5434782608695652,0.7661351088525002,0.4465925072522004,0.438029566356862,0.1442000395325417,230
drmc,3,single_cp,hippocampus_left,biomarker,0.9043478260869564,0.9754206662902316,1.6417621893716223,1.6658052975129285,0.1905520988181637,230
drmc,3,single_cp,hippocampus_right,biomarker,0.8739130434782608,0.962492628144802,1.5834387994172137,1.5975379352329575,0.200236407740159,230
drmc,3,single_cp,ventricle_left,biomarker,0.8869565217391304,0.957306763285024,1.034754744468338,1.0167305384999197,0.1509870510656169,230
drmc,3,single_cp,ventricle_right,biomarker,0.8869565217391304,0.9656159420289856,1.054827887981501,1.0346026743631287,0.1442000395325417,230
drmc,3,bonferroni_cp,ALL_JOINT,joint,0.9130434782608696,,,2.1300590386095086,,230
drmc,3,joint_cp,ALL_JOINT,joint,0.8782608695652174,,,1.9669434750260264,,230
drmc,3,raw,ALL_JOINT,joint,0.0869565217391304,,,0.4569582587132265,,230
drmc,3,single_cp,ALL_JOINT,joint,0.6782608695652174,,,1.3286691114022338,,230
drmc,4,bonferroni_cp,hippocampus_left,biomarker,0.9652173913043478,0.98805900621118,2.124523261859102,2.111948161583256,0.2042887280125389,230
drmc,4,bonferroni_cp,hippocampus_right,biomarker,0.9608695652173912,0.9915269151138716,2.1936566759425133,2.170893705088956,0.1918898814456,230
drmc,4,bonferroni_cp,ventricle_left,biomarker,0.982608695652174,0.9931884057971014,1.547457319682875,1.5318486792671635,0.1503576959559781,230
drmc,4,bonferroni_cp,ventricle_right,biomarker,0.9869565217391304,0.9970600414078676,1.6492472103389466,1.640471285962832,0.1375741531062893,230
drmc,4,joint_cp,hippocampus_left,biomarker,0.9478260869565216,0.9821169772256728,1.885334006723082,1.8741746729498865,0.2042887280125389,230
drmc,4,joint_cp,hippocampus_right,biomarker,0.9304347826086956,0.9795117322291236,1.765423278600934,1.747103967709808,0.1918898814456,230
drmc,4,joint_cp,ventricle_left,biomarker,0.9869565217391304,0.9958695652173912,1.810091932370072,1.7918341919255505,0.1503576959559781,230
drmc,4,joint_cp,ventricle_right,biomarker,0.9869565217391304,0.9970600414078676,1.6429355575782068,1.6341932185778745,0.1375741531062893,230
drmc,4,raw,hippocampus_left,biomarker,0.3173913043478261,0.6424093418658636,0.4714380162617011,0.4686475641942811,0.2042887280125389,230
drmc,4,raw,hippocampus_right,biomarker,0.3217391304347826,0.645752242926156,0.4414536898635247,0.4368728465685085,0.1918898814456,230
drmc,4,raw,ventricle_left,biomarker,0.4869565217391304,0.7287086705564967,0.4526233288072705,0.4480578815453306,0.1503576959559781,230
drmc,4,raw,ventricle_right,biomarker,0.508695652173913,0.7259075224292616,0.4108249682603287,0.4086388988641396,0.1375741531062893,230
drmc,4,single_cp,hippocampus_left,biomarker,0.8652173913043478,0.9598945981554676,1.4064802535621617,1.3981552657674583,0.2042887280125389,230
drmc,4,single_cp,hippocampus_right,biomarker,0.8826086956521739,0.960267425810904,1.3913712244534315,1.376933348656343,0.1918898814456,230
drmc,4,single_cp,ventricle_left,biomarker,0.9347826086956522,0.9708833678398896,1.0580464988111709,1.047374367739775,0.1503576959559781,230
drmc,4,single_cp,ventricle_right,biomarker,0.8956521739130435,0.9634729280381454,1.0213999595975718,1.015964917023601,0.1375741531062893,230
drmc,4,bonferroni_cp,ALL_JOINT,joint,0.9217391304347826,,,1.863790457975552,,230
drmc,4,joint_cp,ALL_JOINT,joint,0.8869565217391304,,,1.7618265127907795,,230
drmc,4,raw,ALL_JOINT,joint,0.0652173913043478,,,0.4405542977930649,,230
drmc,4,single_cp,ALL_JOINT,joint,0.6956521739130435,,,1.2096069747967944,,230
drmc,5,bonferroni_cp,hippocampus_left,biomarker,0.9869565217391304,0.9984006211180124,2.622303323981586,2.6027650740741493,0.1881437827192736,230
drmc,5,bonferroni_cp,hippocampus_right,biomarker,0.991304347826087,0.9984057971014492,2.4654047035344355,2.450784327886838,0.1979900868242434,230
drmc,5,bonferroni_cp,ventricle_left,biomarker,0.9695652173913044,0.9920007528703182,1.426718220529809,1.421205096653927,0.1421216883924544,230
drmc,5,bonferroni_cp,ventricle_right,biomarker,0.9739130434782608,0.992536231884058,1.474064840026907,1.4515402568875395,0.1373402709820422,230
drmc,5,joint_cp,hippocampus_left,biomarker,0.9695652173913044,0.9932436162870945,2.165183853398924,2.149051507900836,0.1881437827192736,230
drmc,5,joint_cp,hippocampus_right,biomarker,0.9695652173913044,0.9914389233954451,1.862243341278776,1.8511998411354933,0.1979900868242434,230
drmc,5,joint_cp,ventricle_left,biomarker,0.982608695652174,0.9956568793525314,1.7093719621632797,1.7027666078320884,0.1421216883924544,230
drmc,5,joint_cp,ventricle_right,biomarker,0.991304347826087,0.9968115942028986,1.7209205662160036,1.694623881485858,0.1373402709820422,230
drmc,5,raw,hippocampus_left,biomarker,0.3869565217391304,0.6966047117134074,0.4966638608803553,0.4929633192438757,0.1881437827192736,230
drmc,5,raw,hippocampus_right,biomarker,0.2782608695652174,0.6100142731664471,0.4271734067283297,0.4246401773303008,0.1979900868242434,230
drmc,5,raw,ventricle_left,biomarker,0.4652173913043478,0.7066426689252777,0.3921067855101978,0.3905916066542855,0.1421216883924544,230
drmc,5,raw,ventricle_right,biomarker,0.5,0.7382630654369785,0.3947558760450418,0.3887237726339272,0.1373402709820422,230
drmc,5,single_cp,hippocampus_left,biomarker,0.9434782608695652,0.9856780538302276,1.674460936191498,1.6619848675642137,0.1881437827192736,230
drmc,5,single_cp,hippocampus_right,biomarker,0.9391304347826088,0.9824171842650103,1.596293220007242,1.5868268607978349,0.1979900868242434,230
drmc,5,single_cp,ventricle_left,biomarker,0.8869565217391304,0.9574491812535292,0.91219894085079,0.9086740221331396,0.1421216883924544,230
drmc,5,single_cp,ventricle_right,biomarker,0.9130434782608696,0.9724896480331262,0.9792761898281972,0.964312270090592,0.1373402709820422,230
drmc,5,bonferroni_cp,ALL_JOINT,joint,0.9260869565217392,,,1.9815736888756132,,230
drmc,5,joint_cp,ALL_JOINT,joint,0.9130434782608696,,,1.849410459588569,,230
drmc,5,raw,ALL_JOINT,joint,0.0739130434782608,,,0.4242297189655973,,230
drmc,5,single_cp,ALL_JOINT,joint,0.7478260869565218,,,1.2804495051464448,,230
drmc,6,bonferroni_cp,hippocampus_left,biomarker,0.991304347826087,0.997463768115942,2.909863790233395,2.8903840550316526,0.2019122151200706,230
drmc,6,bonferroni_cp,hippocampus_right,biomarker,0.9652173913043478,0.9863043478260868,2.4541824982301503,2.4460098949406177,0.2280873280033435,230
drmc,6,bonferroni_cp,ventricle_left,biomarker,0.9521739130434784,0.9850136457745152,1.64104939651092,1.6373492320269516,0.1509110879651557,230
drmc,6,bonferroni_cp,ventricle_right,biomarker,0.9478260869565216,0.9872686492251708,1.5994044466202475,1.595193501859784,0.1975874489658647,230
drmc,6,joint_cp,hippocampus_left,biomarker,0.9565217391304348,0.9882293431206476,1.9275656913348187,1.9146618332995415,0.2019122151200706,230
drmc,6,joint_cp,hippocampus_right,biomarker,0.9347826086956522,0.9776430453604368,1.9407144288066431,1.9342517109214223,0.2280873280033435,230
drmc,6,joint_cp,ventricle_left,biomarker,0.9739130434782608,0.9905572808833678,1.9492714144005356,1.9448762847520829,0.1509110879651557,230
drmc,6,joint_cp,ventricle_right,biomarker,0.991304347826087,0.9974308300395256,2.383054926448236,2.376780770666295,0.1975874489658647,230
drmc,6,raw,hippocampus_left,biomarker,0.2695652173913043,0.5931198632285589,0.4346670611923491,0.4317572345257658,0.2019122151200706,230
drmc,6,raw,hippocampus_right,biomarker,0.217391304347826,0.5499683167074472,0.4376321088087424,0.4361747625785275,0.2280873280033435,230
drmc,6,raw,ventricle_left,biomarker,0.4913043478260869,0.7006826024217329,0.4395617101350613,0.4385706061306283,0.1509110879651557,230
drmc,6,raw,ventricle_right,biomarker,0.5173913043478261,0.7473585231193927,0.5373801161832413,0.5359652908153358,0.1975874489658647,230
drmc,6,single_cp,hippocampus_left,biomarker,0.9347826086956522,0.978613934374804,1.6187834781018964,1.607946725671003,0.2019122151200706,230
drmc,6,single_cp,hippocampus_right,biomarker,0.8913043478260869,0.9603289102202146,1.5415990245878408,1.5364653895510938,0.2280873280033435,230
drmc,6,single_cp,ventricle_left,biomarker,0.8782608695652174,0.9502420164376688,0.982868572281541,0.9806524443628462,0.1509110879651557,230
drmc,6,single_cp,ventricle_right,biomarker,0.9,0.9606874647092036,1.1321810713007217,1.1292002418049902,0.1975874489658647,230
drmc,6,bonferroni_cp,ALL_JOINT,joint,0.8869565217391304,,,2.1422341709647514,,230
drmc,6,joint_cp,ALL_JOINT,joint,0.8695652173913043,,,2.042642649909836,,230
drmc,6,raw,ALL_JOINT,joint,0.0217391304347826,,,0.4606169735125643,,230
drmc,6,single_cp,ALL_JOINT,joint,0.7217391304347827,,,1.3135662003474833,,230
drmc,7,bonferroni_cp,hippocampus_left,biomarker,0.9869565217391304,0.9974223602484472,2.845026431243913,2.890676547483654,0.2126790455834898,230
drmc,7,bonferroni_cp,hippocampus_right,biomarker,0.9652173913043478,0.9902035886818495,2.3479894858929318,2.383826416835552,0.2205296912672815,230
drmc,7,bonferroni_cp,ventricle_left,biomarker,0.9956521739130436,0.9985507246376812,2.158237171755088,2.126479933060184,0.1913683040991043,230
drmc,7,bonferroni_cp,ventricle_right,biomarker,0.9869565217391304,0.9967391304347826,1.913851851607843,1.8795456832127917,0.1750353072442719,230
drmc,7,joint_cp,hippocampus_left,biomarker,0.9608695652173912,0.988726708074534,2.4431666581947926,2.4823686988910856,0.2126790455834898,230
drmc,7,joint_cp,hippocampus_right,biomarker,0.9739130434782608,0.9925327812284336,2.511996346123317,2.55033648355792,0.2205296912672815,230
drmc,7,joint_cp,ventricle_left,biomarker,0.9869565217391304,0.9968426501035196,1.944753141196318,1.916137199206304,0.1913683040991043,230
drmc,7,joint_cp,ventricle_right,biomarker,1.0,1.0,2.635008077886656,2.587775043226027,0.1750353072442719,230
drmc,7,raw,hippocampus_left,biomarker,0.2565217391304348,0.6300261936131502,0.5062824339516885,0.5144060322797113,0.2126790455834898,230
drmc,7,raw,hippocampus_right,biomarker,0.3391304347826087,0.6730186962795658,0.5205455878492291,0.5284905792541392,0.2205296912672815,230
drmc,7,raw,ventricle_left,biomarker,0.3826086956521739,0.5947805696718741,0.402999259335992,0.3970693532811375,0.1913683040991043,230
drmc,7,raw,ventricle_right,biomarker,0.5826086956521739,0.8035723696593262,0.5460365505291151,0.5362487386686685,0.1750353072442719,230
drmc,7,single_cp,hippocampus_left,biomarker,0.9130434782608696,0.9779278812974466,1.7848480089966077,1.813486941199899,0.2126790455834898,230
drmc,7,single_cp,hippocampus_right,biomarker,0.9043478260869564,0.9688336783988958,1.5785879538509866,1.6026816509603228,0.2205296912672815,230
drmc,7,single_cp,ventricle_left,biomarker,0.9347826086956522,0.9711456176673569,1.255881328593324,1.237401745512018,0.1913683040991043,230
drmc,7,single_cp,ventricle_right,biomarker,0.917391304347826,0.9738647342995168,1.1094641586297451,1.0895767968037762,0.1750353072442719,230
drmc,7,bonferroni_cp,ALL_JOINT,joint,0.9347826086956522,,,2.320132145148045,,230
drmc,7,joint_cp,ALL_JOINT,joint,0.9260869565217392,,,2.3841543562203342,,230
drmc,7,raw,ALL_JOINT,joint,0.0304347826086956,,,0.4940536758709141,,230
drmc,7,single_cp,ALL_JOINT,joint,0.7434782608695653,,,1.435786783619004,,230
drmc,8,bonferroni_cp,hippocampus_left,biomarker,0.9739130434782608,0.9934006211180124,2.2457898873081867,2.2904675597702084,0.1877335885163575,230
drmc,8,bonferroni_cp,hippocampus_right,biomarker,0.982608695652174,0.9940579710144928,2.4028042338727653,2.456266618120901,0.215771493591903,230
drmc,8,bonferroni_cp,ventricle_left,biomarker,0.9695652173913044,0.9923309178743962,1.5623223561955553,1.5384509519286098,0.1660693045710851,230
drmc,8,bonferroni_cp,ventricle_right,biomarker,0.9869565217391304,0.9958333333333332,1.7867710083891166,1.7384631415423732,0.1571529548700875,230
drmc,8,joint_cp,hippocampus_left,biomarker,0.9869565217391304,0.9965579710144928,2.456552921250353,2.5054235067942208,0.1877335885163575,230
drmc,8,joint_cp,hippocampus_right,biomarker,0.9304347826086956,0.9827931488801054,1.877746227512028,1.9195260732941088,0.215771493591903,230
drmc,8,joint_cp,ventricle_left,biomarker,0.9956521739130436,0.9985507246376812,1.7948363994362084,1.7674123117541352,0.1660693045710851,230
drmc,8,joint_cp,ventricle_right,biomarker,0.9956521739130436,0.9992753623188406,2.133402900991922,2.0757233534798494,0.1571529548700875,230
drmc,8,raw,hippocampus_left,biomarker,0.3739130434782609,0.6897859266337527,0.5167404124385424,0.527020429739044,0.1877335885163575,230
drmc,8,raw,hippocampus_right,biomarker,0.2347826086956521,0.5362119281684499,0.3949873645199849,0.4037758317440044,0.215771493591903,230
drmc,8,raw,ventricle_left,biomarker,0.3869565217391304,0.6265496339409383,0.3775471316881498,0.3717784244974647,0.1660693045710851,230
drmc,8,raw,ventricle_right,biomarker,0.4739130434782608,0.7355202164984773,0.4487652119392124,0.4366322133613169,0.1571529548700875,230
drmc,8,single_cp,hippocampus_left,biomarker,0.9347826086956522,0.98375588179936,1.6270180621779955,1.6593859076663868,0.1877335885163575,230
drmc,8,single_cp,hippocampus_right,biomarker,0.9130434782608696,0.9739196310935442,1.6611432324640751,1.6981036625037902,0.215771493591903,230
drmc,8,single_cp,ventricle_left,biomarker,0.8869565217391304,0.958553499640456,0.9806145091114976,0.9656312725955486,0.1660693045710851,230
drmc,8,single_cp,ventricle_right,biomarker,0.8739130434782608,0.950631940523245,0.974416066584006,0.948071357957742,0.1571529548700875,230
drmc,8,bonferroni_cp,ALL_JOINT,joint,0.9391304347826088,,,2.005912067840523,,230
drmc,8,joint_cp,ALL_JOINT,joint,0.917391304347826,,,2.067021311330578,,230
drmc,8,raw,ALL_JOINT,joint,0.0347826086956521,,,0.4348017248354575,,230
drmc,8,single_cp,ALL_JOINT,joint,0.7130434782608696,,,1.3177980501808668,,230
drmc,9,bonferroni_cp,hippocampus_left,biomarker,0.9869565217391304,0.9952898550724636,2.4553176047074268,2.4324628681552607,0.2074041078163019,230
drmc,9,bonferroni_cp,hippocampus_right,biomarker,0.9739130434782608,0.9946428571428572,2.1642306063852925,2.142395741303654,0.1872648028059501,230
drmc,9,bonferroni_cp,ventricle_left,biomarker,0.9956521739130436,0.9993788819875776,2.372645981401301,2.4033722785049925,0.1431124195841946,230
drmc,9,bonferroni_cp,ventricle_right,biomarker,0.9956521739130436,0.9992753623188406,1.8547076578707504,1.8580503778162785,0.1460154128767313,230
drmc,9,joint_cp,hippocampus_left,biomarker,0.9478260869565216,0.9838076416337286,1.9088044571096476,1.8910368074527557,0.2074041078163019,230
drmc,9,joint_cp,hippocampus_right,biomarker,0.9608695652173912,0.9922548466026728,1.965179831640748,1.945353184536491,0.1872648028059501,230
drmc,9,joint_cp,ventricle_left,biomarker,0.9956521739130436,0.9993788819875776,2.1427764173855466,2.170525852127803,0.1431124195841946,230
drmc,9,joint_cp,ventricle_right,biomarker,1.0,1.0,2.0993596563708614,2.103143310019137,0.1460154128767313,230
drmc,9,raw,hippocampus_left,biomarker,0.2521739130434782,0.5710282953761214,0.4264242307013842,0.4224549627608721,0.2074041078163019,230
drmc,9,raw,hippocampus_right,biomarker,0.3043478260869565,0.6262358052575444,0.4390184119387522,0.4345891668459437,0.1872648028059501,230
drmc,9,raw,ventricle_left,biomarker,0.5782608695652174,0.769742141916055,0.4786932387527208,0.4848924234565246,0.1431124195841946,230
drmc,9,raw,ventricle_right,biomarker,0.5695652173913044,0.7718023401719054,0.4689939970882267,0.4698392599962364,0.1460154128767313,230
drmc,9,single_cp,hippocampus_left,biomarker,0.908695652173913,0.9716197691197692,1.5468124372758305,1.5324143037383302,0.2074041078163019,230
drmc,9,single_cp,hippocampus_right,biomarker,0.908695652173913,0.9748875399962356,1.3491554937708452,1.3355438998428582,0.1872648028059501,230
drmc,9,single_cp,ventricle_left,biomarker,0.9217391304347826,0.9820376121463078,1.232937076609381,1.2489038880186765,0.1431124195841946,230
drmc,9,single_cp,ventricle_right,biomarker,0.9,0.9594755003450656,1.0389486176962168,1.0408211037734776,0.1460154128767313,230
drmc,9,bonferroni_cp,ALL_JOINT,joint,0.9565217391304348,,,2.2090703164450463,,230
drmc,9,joint_cp,ALL_JOINT,joint,0.9130434782608696,,,2.0275147885340465,,230
drmc,9,raw,ALL_JOINT,joint,0.0652173913043478,,,0.4529439532648942,,230
drmc,9,single_cp,ALL_JOINT,joint,0.7304347826086957,,,1.2894207988433355,,230
gam,0,bonferroni_cp,hippocampus_left,biomarker,0.991304347826087,0.9980676328502416,2.3202021718025208,2.3090453474494432,0.1515042444921821,230
gam,0,bonferroni_cp,hippocampus_right,biomarker,0.9782608695652174,0.9943719806763284,1.7392015755176544,1.7301810718563038,0.1397084713107436,230
gam,0,bonferroni_cp,ventricle_left,biomarker,0.9869565217391304,0.9956038647342996,1.512855052947998,1.519675433703157,0.1046185832939289,230
gam,0,bonferroni_cp,ventricle_right,biomarker,0.9608695652173912,0.991468253968254,1.2974176406860352,1.3055859103848664,0.1077024888489991,230
gam,0,joint_cp,hippocampus_left,biomarker,0.9739130434782608,0.9933160800552104,1.568079595140926,1.5605393950552406,0.1515042444921821,230
gam,0,joint_cp,hippocampus_right,biomarker,0.9739130434782608,0.9900379572118704,1.5553905752304655,1.547323421557079,0.1397084713107436,230
gam,0,joint_cp,ventricle_left,biomarker,0.9565217391304348,0.9881780538302276,1.0204070213526617,1.025007306355049,0.1046185832939289,230
gam,0,joint_cp,ventricle_right,biomarker,0.9347826086956522,0.9822481021394064,1.031076431274414,1.0375678725086372,0.1077024888489991,230
gam,0,raw,hippocampus_left,biomarker,0.5347826086956522,0.830790984377941,0.5310669377151901,0.5285132720838835,0.1515042444921821,230
gam,0,raw,hippocampus_right,biomarker,0.5652173913043478,0.8306981303720434,0.5267695034731168,0.5240373726484578,0.1397084713107436,230
gam,0,raw,ventricle_left,biomarker,0.5695652173913044,0.8298255850429763,0.345584773714331,0.3471427681403827,0.1046185832939289,230
gam,0,raw,ventricle_right,biomarker,0.6086956521739131,0.8456866804692892,0.3491982196592507,0.3513966985045207,0.1077024888489991,230
gam,0,single_cp,hippocampus_left,biomarker,0.9,0.966554520358868,1.1516265869140625,1.1460889248487984,0.1515042444921821,230
gam,0,single_cp,hippocampus_right,biomarker,0.9391304347826088,0.9822531212748604,1.1578412055969238,1.1518359725167726,0.1397084713107436,230
gam,0,single_cp,ventricle_left,biomarker,0.8913043478260869,0.9700498776585732,0.7141590118408203,0.7173786437354893,0.1046185832939289,230
gam,0,single_cp,ventricle_right,biomarker,0.908695652173913,0.9704089026915114,0.7454745769500732,0.7501679287337985,0.1077024888489991,230
gam,0,bonferroni_cp,ALL_JOINT,joint,0.9391304347826088,,,1.7161219408484427,,230
gam,0,joint_cp,ALL_JOINT,joint,0.9043478260869564,,,1.2926094988690016,,230
gam,0,raw,ALL_JOINT,joint,0.2652173913043478,,,0.4377725278443112,,230
gam,0,single_cp,ALL_JOINT,joint,0.7913043478260869,,,0.9413678674587148,,230
gam,1,bonferroni_cp,hippocampus_left,biomarker,0.982608695652174,0.9962387853692202,2.0258829593658447,2.026866237181689,0.1560086168060732,230
gam,1,bonferroni_cp,hippocampus_right,biomarker,0.9782608695652174,0.9955314009661836,1.8400194644927976,1.8273866203426965,0.1450424265987749,230
gam,1,bonferroni_cp,ventricle_left,biomarker,0.982608695652174,0.9965096618357489,1.6280298233032229,1.6326522219504505,0.0974803496041638,230
gam,1,bonferroni_cp,ventricle_right,biomarker,0.9652173913043478,0.9935814668423364,1.4949493408203125,1.4803056474279743,0.1008678856274018,230
gam,1,joint_cp,hippocampus_left,biomarker,0.9565217391304348,0.9881021394064872,1.589386065722156,1.590157486426403,0.1560086168060732,230
gam,1,joint_cp,hippocampus_right,biomarker,0.9565217391304348,0.9904663693794128,1.528730059501136,1.5182344049920808,0.1450424265987749,230
gam,1,joint_cp,ventricle_left,biomarker,0.9347826086956522,0.9848012736056214,1.029809147119522,1.0327330422106389,0.0974803496041638,230
gam,1,joint_cp,ventricle_right,biomarker,0.9434782608695652,0.9872236338540686,1.049080728412675,1.0388045162955095,0.1008678856274018,230
gam,1,raw,hippocampus_left,biomarker,0.508695652173913,0.8130943935291761,0.5320383482695545,0.532296577158155,0.1560086168060732,230
gam,1,raw,hippocampus_right,biomarker,0.5478260869565217,0.8370323758367236,0.5117340798111569,0.5082207165009858,0.1450424265987749,230
gam,1,raw,ventricle_left,biomarker,0.6478260869565218,0.8541538171972954,0.3447230156868183,0.3457017736791909,0.0974803496041638,230
gam,1,raw,ventricle_right,biomarker,0.6260869565217392,0.8572192662410054,0.3511740727967803,0.3477341666347742,0.1008678856274018,230
gam,1,single_cp,hippocampus_left,biomarker,0.9,0.971625053690271,1.175418734550476,1.1759892330388846,0.1560086168060732,230
gam,1,single_cp,hippocampus_right,biomarker,0.9130434782608696,0.9786728247597812,1.1928837299346924,1.184693863174989,0.1450424265987749,230
gam,1,single_cp,ventricle_left,biomarker,0.8913043478260869,0.9661867118388856,0.7217335104942322,0.7237826990009874,0.0974803496041638,230
gam,1,single_cp,ventricle_right,biomarker,0.8913043478260869,0.971053970184405,0.7554788589477539,0.7480786076664939,0.1008678856274018,230
gam,1,bonferroni_cp,ALL_JOINT,joint,0.9521739130434784,,,1.7418026817257024,,230
gam,1,joint_cp,ALL_JOINT,joint,0.8956521739130435,,,1.294982362481158,,230
gam,1,raw,ALL_JOINT,joint,0.3130434782608696,,,0.4334883084932764,,230
gam,1,single_cp,ALL_JOINT,joint,0.7782608695652173,,,0.9581361007203388,,230
gam,2,bonferroni_cp,hippocampus_left,biomarker,0.9608695652173912,0.9906935817805383,1.6256762742996216,1.6418443725205427,0.161832641710926,230
gam,2,bonferroni_cp,hippocampus_right,biomarker,0.9869565217391304,0.9975931677018636,1.854383945465088,1.8670130797254323,0.1550804211397483,230
gam,2,bonferroni_cp,ventricle_left,biomarker,0.9869565217391304,0.9983229813664596,1.6731188297271729,1.6634584614742778,0.1022457145690581,230
gam,2,bonferroni_cp,ventricle_right,biomarker,0.982608695652174,0.9960041407867496,1.830002784729004,1.837877721534248,0.1062535511987219,230
gam,2,joint_cp,hippocampus_left,biomarker,0.9739130434782608,0.993664596273292,1.7562222504998646,1.7736886884941585,0.161832641710926,230
gam,2,joint_cp,hippocampus_right,biomarker,0.9739130434782608,0.9952329192546584,1.7255694078771353,1.7373212609822688,0.1550804211397483,230
gam,2,joint_cp,ventricle_left,biomarker,0.9565217391304348,0.9886335403726708,1.0865958124117174,1.0803219509839177,0.1022457145690581,230
gam,2,joint_cp,ventricle_right,biomarker,0.9347826086956522,0.980031055900621,1.0796260833740234,1.084271970938136,0.1062535511987219,230
gam,2,raw,hippocampus_left,biomarker,0.4956521739130435,0.81885955831608,0.5429025607389915,0.5483019763946078,0.161832641710926,230
gam,2,raw,hippocampus_right,biomarker,0.4695652173913043,0.8098102139406487,0.5334268199840428,0.5370596808832767,0.1550804211397483,230
gam,2,raw,ventricle_left,biomarker,0.5695652173913044,0.8197481021394065,0.3359003388544254,0.3339608944396285,0.1022457145690581,230
gam,2,raw,ventricle_right,biomarker,0.6086956521739131,0.8307660455486543,0.3337457802607485,0.3351819676537418,0.1062535511987219,230
gam,2,single_cp,hippocampus_left,biomarker,0.8869565217391304,0.96777950310559,1.1675308048725128,1.1791424356919773,0.161832641710926,230
gam,2,single_cp,hippocampus_right,biomarker,0.8913043478260869,0.9719392684610076,1.1559863090515137,1.1638590617982325,0.1550804211397483,230
gam,2,single_cp,ventricle_left,biomarker,0.9130434782608696,0.9725051759834368,0.7761645317077637,0.7716830596999712,0.1022457145690581,230
gam,2,single_cp,ventricle_right,biomarker,0.9217391304347826,0.9759627329192546,0.8186469078063965,0.822169739967408,0.1062535511987219,230
gam,2,bonferroni_cp,ALL_JOINT,joint,0.9478260869565216,,,1.7525484088136252,,230
gam,2,joint_cp,ALL_JOINT,joint,0.9043478260869564,,,1.4189009678496205,,230
gam,2,raw,ALL_JOINT,joint,0.2434782608695652,,,0.4386261298428137,,230
gam,2,single_cp,ALL_JOINT,joint,0.7956521739130434,,,0.9842135742893972,,230
gam,3,bonferroni_cp,hippocampus_left,biomarker,0.9652173913043478,0.9921306230001882,1.8695340603590007,1.8969128183046151,0.159320101039788,230
gam,3,bonferroni_cp,hippocampus_right,biomarker,0.9478260869565216,0.9891748227617791,1.7132699489593506,1.728525117462422,0.1635667797623001,230
gam,3,bonferroni_cp,ventricle_left,biomarker,0.9782608695652174,0.9954347826086956,1.542619705200195,1.5157490912251366,0.1081605787756225,230
gam,3,bonferroni_cp,ventricle_right,biomarker,0.9608695652173912,0.991614906832298,1.4017529487609863,1.374875812545783,0.1083014603295297,230
gam,3,joint_cp,hippocampus_left,biomarker,0.9478260869565216,0.988785055524186,1.6026291512436006,1.6260991679385934,0.159320101039788,230
gam,3,joint_cp,hippocampus_right,biomarker,0.9391304347826088,0.9858897986071898,1.561146186270856,1.575046825889239,0.1635667797623001,230
gam,3,joint_cp,ventricle_left,biomarker,0.9521739130434784,0.9875138026224984,1.0827631950378418,1.063902738541542,0.1081605787756225,230
gam,3,joint_cp,ventricle_right,biomarker,0.9434782608695652,0.9864337474120082,1.1046229069406888,1.0834429262868073,0.1083014603295297,230
gam,3,raw,hippocampus_left,biomarker,0.4652173913043478,0.7978529079616036,0.5186156434615032,0.5262106118925222,0.159320101039788,230
gam,3,raw,hippocampus_right,biomarker,0.4695652173913043,0.7814618232009536,0.5051916304542914,0.5096899195030211,0.1635667797623001,230
gam,3,raw,ventricle_left,biomarker,0.5956521739130435,0.8308082376560638,0.3503854467362233,0.3442821459356505,0.1081605787756225,230
gam,3,raw,ventricle_right,biomarker,0.6260869565217392,0.8337136896919506,0.3574593156631555,0.3506054098254941,0.1083014603295297,230
gam,3,single_cp,hippocampus_left,biomarker,0.8913043478260869,0.9708519982433026,1.1604516506195068,1.1774461122469129,0.159320101039788,230
gam,3,single_cp,hippocampus_right,biomarker,0.8521739130434782,0.9596387790953008,1.1090075969696045,1.118882338409641,0.1635667797623001,230
gam,3,single_cp,ventricle_left,biomarker,0.9,0.9663008971704624,0.7447301149368286,0.7317577955981024,0.1081605787756225,230
gam,3,single_cp,ventricle_right,biomarker,0.8913043478260869,0.962208419599724,0.738592267036438,0.724430538333687,0.1083014603295297,230
gam,3,bonferroni_cp,ALL_JOINT,joint,0.9130434782608696,,,1.629015709884489,,230
gam,3,joint_cp,ALL_JOINT,joint,0.8782608695652174,,,1.337122914664045,,230
gam,3,raw,ALL_JOINT,joint,0.208695652173913,,,0.432697021789172,,230
gam,3,single_cp,ALL_JOINT,joint,0.7478260869565218,,,0.9381291961470858,,230
gam,4,bonferroni_cp,hippocampus_left,biomarker,0.9521739130434784,0.9873619737750172,1.683302879333496,1.673339372281229,0.1650380363148222,230
gam,4,bonferroni_cp,hippocampus_right,biomarker,0.9695652173913044,0.9942822636300898,1.9114117622375488,1.8915775690795575,0.1541268978844134,230
gam,4,bonferroni_cp,ventricle_left,biomarker,0.9652173913043478,0.9924665913796348,1.499376654624939,1.484252986429328,0.1051432679532423,230
gam,4,bonferroni_cp,ventricle_right,biomarker,0.9739130434782608,0.9949549846288978,1.653842806816101,1.6450424284910008,0.1009480311626015,230
gam,4,joint_cp,hippocampus_left,biomarker,0.9521739130434784,0.9873619737750172,1.6274957656860352,1.617862582176382,0.1650380363148222,230
gam,4,joint_cp,hippocampus_right,biomarker,0.9608695652173912,0.9898688750862664,1.5627507369731806,1.5465345031991276,0.1541268978844134,230
gam,4,joint_cp,ventricle_left,biomarker,0.9304347826086956,0.9827148817366208,1.0508373094963712,1.0402378949013995,0.1051432679532423,230
gam,4,joint_cp,ventricle_right,biomarker,0.9304347826086956,0.9842196812848988,1.054734196122583,1.04912177641737,0.1009480311626015,230
gam,4,raw,hippocampus_left,biomarker,0.5,0.8040418156722504,0.5389501458560533,0.5357600879971947,0.1650380363148222,230
gam,4,raw,hippocampus_right,biomarker,0.5130434782608696,0.8107492628144802,0.517509633749075,0.5121395788819413,0.1541268978844134,230
gam,4,raw,ventricle_left,biomarker,0.6173913043478261,0.8427268021833239,0.3479879537415078,0.3444779255359716,0.1051432679532423,230
gam,4,raw,ventricle_right,biomarker,0.6043478260869565,0.8426897860593513,0.3492784195355591,0.3474198497730413,0.1009480311626015,230
gam,4,single_cp,hippocampus_left,biomarker,0.8913043478260869,0.9699981178242048,1.1492667198181152,1.1424641846306407,0.1650380363148222,230
gam,4,single_cp,hippocampus_right,biomarker,0.8869565217391304,0.9710505677896982,1.1465582847595217,1.134660765378248,0.1541268978844134,230
gam,4,single_cp,ventricle_left,biomarker,0.8782608695652174,0.965390551477508,0.691858783364296,0.6848802548901162,0.1051432679532423,230
gam,4,single_cp,ventricle_right,biomarker,0.8695652173913043,0.9625751301838258,0.7202892303466797,0.7164564490784592,0.1009480311626015,230
gam,4,bonferroni_cp,ALL_JOINT,joint,0.9130434782608696,,,1.673553089070279,,230
gam,4,joint_cp,ALL_JOINT,joint,0.8652173913043478,,,1.3134391891735695,,230
gam,4,raw,ALL_JOINT,joint,0.2565217391304348,,,0.4349493605470372,,230
gam,4,single_cp,ALL_JOINT,joint,0.7608695652173914,,,0.9196154134943662,,230
gam,5,bonferroni_cp,hippocampus_left,biomarker,0.9782608695652174,0.9942753623188406,1.915989875793457,1.9017142240520968,0.1572516038075834,230
gam,5,bonferroni_cp,hippocampus_right,biomarker,0.9956521739130436,0.9989130434782608,1.8894121646881104,1.8782075476281692,0.1460032914952132,230
gam,5,bonferroni_cp,ventricle_left,biomarker,0.9782608695652174,0.9953260869565218,1.5750913619995115,1.5690048947002362,0.0950172739520427,230
gam,5,bonferroni_cp,ventricle_right,biomarker,0.982608695652174,0.9955072463768116,1.7423677444458008,1.7157433341393955,0.099607077613141,230
gam,5,joint_cp,hippocampus_left,biomarker,0.9652173913043478,0.990212215320911,1.711931750311154,1.6991764942520384,0.1572516038075834,230
gam,5,joint_cp,hippocampus_right,biomarker,0.982608695652174,0.996894409937888,1.660250306954417,1.6504046685803548,0.1460032914952132,230
gam,5,joint_cp,ventricle_left,biomarker,0.9608695652173912,0.9901035196687372,1.1187567710876465,1.1144336716996694,0.0950172739520427,230
gam,5,joint_cp,ventricle_right,biomarker,0.9608695652173912,0.9912836438923396,1.1346679267796276,1.117329529337182,0.099607077613141,230
gam,5,raw,hippocampus_left,biomarker,0.5130434782608696,0.8194075851684547,0.5287143595583169,0.5247750161603852,0.1572516038075834,230
gam,5,raw,hippocampus_right,biomarker,0.5130434782608696,0.8126998243302591,0.512753021601684,0.5097122868373226,0.1460032914952132,230
gam,5,raw,ventricle_left,biomarker,0.6130434782608696,0.8568351214003387,0.345517728507358,0.3441825790635758,0.0950172739520427,230
gam,5,raw,ventricle_right,biomarker,0.6217391304347826,0.8504192546583851,0.3504317424509569,0.3450769380331499,0.099607077613141,230
gam,5,single_cp,hippocampus_left,biomarker,0.9565217391304348,0.9877277432712216,1.2953332364559174,1.2856819713807326,0.1572516038075834,230
gam,5,single_cp,hippocampus_right,biomarker,0.9391304347826088,0.985139751552795,1.2045671939849854,1.19742385364675,0.1460032914952132,230
gam,5,single_cp,ventricle_left,biomarker,0.917391304347826,0.9786180124223602,0.7744708061218262,0.7714780963975344,0.0950172739520427,230
gam,5,single_cp,ventricle_right,biomarker,0.9217391304347826,0.9796169772256728,0.7861299514770508,0.7741174205696121,0.099607077613141,230
gam,5,bonferroni_cp,ALL_JOINT,joint,0.9652173913043478,,,1.7661675001299748,,230
gam,5,joint_cp,ALL_JOINT,joint,0.9347826086956522,,,1.3953360909673111,,230
gam,5,raw,ALL_JOINT,joint,0.2782608695652174,,,0.4309367050236084,,230
gam,5,single_cp,ALL_JOINT,joint,0.8478260869565217,,,1.0071753354986572,,230
gam,6,bonferroni_cp,hippocampus_left,biomarker,0.9869565217391304,0.9978260869565218,2.242702066898346,2.2276885660787507,0.1538914266639934,230
gam,6,bonferroni_cp,hippocampus_right,biomarker,0.9869565217391304,0.9963405797101448,2.1969006061553955,2.1895847699722317,0.1542908258074285,230
gam,6,bonferroni_cp,ventricle_left,biomarker,0.9565217391304348,0.9863146997929606,1.4281930923461914,1.4249728666980273,0.1064661633558326,230
gam,6,bonferroni_cp,ventricle_right,biomarker,0.9652173913043478,0.990515873015873,1.921451568603516,1.91639273158928,0.108939271272555,230
gam,6,joint_cp,hippocampus_left,biomarker,0.9608695652173912,0.9939042599912166,1.720554530620575,1.7090364840476946,0.1538914266639934,230
gam,6,joint_cp,hippocampus_right,biomarker,0.9695652173913044,0.9929984628897672,1.6577566273153863,1.652236179151726,0.1542908258074285,230
gam,6,joint_cp,ventricle_left,biomarker,0.9347826086956522,0.9807487922705314,1.1357748095084528,1.1332139154726824,0.1064661633558326,230
gam,6,joint_cp,ventricle_right,biomarker,0.9347826086956522,0.9789009661835748,1.1453576080042844,1.1423420870530487,0.108939271272555,230
gam,6,raw,hippocampus_left,biomarker,0.5043478260869565,0.8119533847794717,0.5195396681351667,0.5160616719499013,0.1538914266639934,230
gam,6,raw,hippocampus_right,biomarker,0.4347826086956521,0.780935284522241,0.5005771759490023,0.4989102181421661,0.1542908258074285,230
gam,6,raw,ventricle_left,biomarker,0.6478260869565218,0.8457549093418658,0.3429592361687436,0.3421859470844426,0.1064661633558326,230
gam,6,raw,ventricle_right,biomarker,0.6521739130434783,0.8414674697283392,0.3458528636950591,0.3449422951973001,0.108939271272555,230
gam,6,single_cp,hippocampus_left,biomarker,0.9260869565217392,0.982364953886693,1.292234182357788,1.2835834751406814,0.1538914266639934,230
gam,6,single_cp,hippocampus_right,biomarker,0.9391304347826088,0.982497804128239,1.247209548950195,1.2430562519277295,0.1542908258074285,230
gam,6,single_cp,ventricle_left,biomarker,0.8956521739130435,0.9642529330572808,0.788055419921875,0.786278547950566,0.1064661633558326,230
gam,6,single_cp,ventricle_right,biomarker,0.9217391304347826,0.9710041407867496,0.8401608467102051,0.8379488540382596,0.108939271272555,230
gam,6,bonferroni_cp,ALL_JOINT,joint,0.9347826086956522,,,1.9396597335845729,,230
gam,6,joint_cp,ALL_JOINT,joint,0.8956521739130435,,,1.4092071664312875,,230
gam,6,raw,ALL_JOINT,joint,0.2260869565217391,,,0.4255250330934525,,230
gam,6,single_cp,ALL_JOINT,joint,0.8347826086956521,,,1.0377167822643092,,230
gam,7,bonferroni_cp,hippocampus_left,biomarker,0.9695652173913044,0.9920048309178744,1.882856488227844,1.9130680239121616,0.1599265741582362,230
gam,7,bonferroni_cp,hippocampus_right,biomarker,0.9521739130434784,0.9855175983436854,1.7685750722885132,1.795568507784388,0.1690484405110591,230
gam,7,bonferroni_cp,ventricle_left,biomarker,0.9956521739130436,0.9990338164251208,1.8126511573791504,1.785979021328101,0.0981977256600322,230
gam,7,bonferroni_cp,ventricle_right,biomarker,0.991304347826087,0.9978260869565218,1.6222846508026123,1.5932048814524475,0.1033813111642872,230
gam,7,joint_cp,hippocampus_left,biomarker,0.9652173913043478,0.991383712905452,1.5997329652309418,1.6254016180818782,0.1599265741582362,230
gam,7,joint_cp,hippocampus_right,biomarker,0.9304347826086956,0.9811714975845413,1.5185505432130708,1.5417279003848003,0.1690484405110591,230
gam,7,joint_cp,ventricle_left,biomarker,0.9652173913043478,0.9919875776397516,1.0410195212123612,1.0257015080422371,0.0981977256600322,230
gam,7,joint_cp,ventricle_right,biomarker,0.9608695652173912,0.98944099378882,1.056625872959064,1.0376856477280207,0.1033813111642872,230
gam,7,raw,hippocampus_left,biomarker,0.4826086956521739,0.812904981491938,0.5379535888067162,0.5465853693732944,0.1599265741582362,230
gam,7,raw,hippocampus_right,biomarker,0.4652173913043478,0.7963343057908275,0.5106537980155509,0.518447812854638,0.1690484405110591,230
gam,7,raw,ventricle_left,biomarker,0.6043478260869565,0.8568114373549156,0.3500710428713288,0.3449199455711196,0.0981977256600322,230
gam,7,raw,ventricle_right,biomarker,0.591304347826087,0.844057657318527,0.3553191018366616,0.3489499375090537,0.1033813111642872,230
gam,7,single_cp,hippocampus_left,biomarker,0.9130434782608696,0.9767201518288476,1.1657117009162905,1.184416228250185,0.1599265741582362,230
gam,7,single_cp,hippocampus_right,biomarker,0.8869565217391304,0.9618064182194616,1.145596981048584,1.1630820167118932,0.1690484405110591,230
gam,7,single_cp,ventricle_left,biomarker,0.9217391304347826,0.9799792960662526,0.703655481338501,0.6933015891100244,0.0981977256600322,230
gam,7,single_cp,ventricle_right,biomarker,0.908695652173913,0.9741407867494823,0.756450891494751,0.7428913614588164,0.1033813111642872,230
gam,7,bonferroni_cp,ALL_JOINT,joint,0.9434782608695652,,,1.7719551086192749,,230
gam,7,joint_cp,ALL_JOINT,joint,0.8913043478260869,,,1.307629168559234,,230
gam,7,raw,ALL_JOINT,joint,0.2304347826086956,,,0.4397257663270264,,230
gam,7,single_cp,ALL_JOINT,joint,0.7913043478260869,,,0.9459227988827296,,230
gam,8,bonferroni_cp,hippocampus_left,biomarker,0.9956521739130436,0.9992753623188406,2.5393565893173218,2.5898744683953963,0.1508704809781233,230
gam,8,bonferroni_cp,hippocampus_right,biomarker,0.991304347826087,0.9987263943785682,2.209323287010193,2.258480720992285,0.1466533857686779,230
gam,8,bonferroni_cp,ventricle_left,biomarker,0.9652173913043478,0.992196028609072,1.6427420377731323,1.617641866137952,0.1064263235220882,230
gam,8,bonferroni_cp,ventricle_right,biomarker,0.9782608695652174,0.9951722190852624,1.916400969028473,1.864588373904568,0.1088377756755866,230
gam,8,joint_cp,hippocampus_left,biomarker,0.9739130434782608,0.996588713219148,1.8904302585565416,1.928038417886763,0.1508704809781233,230
gam,8,joint_cp,hippocampus_right,biomarker,0.982608695652174,0.9960913482652614,1.848067324873846,1.889186815195196,0.1466533857686779,230
gam,8,joint_cp,ventricle_left,biomarker,0.9478260869565216,0.986617730095991,1.2179177653417517,1.1993086689378796,0.1064263235220882,230
gam,8,joint_cp,ventricle_right,biomarker,0.9565217391304348,0.9877705627705629,1.2539373636245728,1.2200354036578367,0.1088377756755866,230
gam,8,raw,hippocampus_left,biomarker,0.4652173913043478,0.8105865631952589,0.5221190008131842,0.5325060195794366,0.1508704809781233,230
gam,8,raw,hippocampus_right,biomarker,0.5260869565217391,0.8079416959851742,0.5104187582330568,0.5217755734889256,0.1466533857686779,230
gam,8,raw,ventricle_left,biomarker,0.591304347826087,0.8535746741181524,0.3363773954816022,0.3312377386355228,0.1064263235220882,230
gam,8,raw,ventricle_right,biomarker,0.5695652173913044,0.844282432543302,0.3463256686749645,0.3369622672041499,0.1088377756755866,230
gam,8,single_cp,hippocampus_left,biomarker,0.9130434782608696,0.977825145868624,1.2441731244325638,1.268924664927777,0.1508704809781233,230
gam,8,single_cp,hippocampus_right,biomarker,0.9130434782608696,0.9824800803061672,1.1738499402999878,1.1999680966080528,0.1466533857686779,230
gam,8,single_cp,ventricle_left,biomarker,0.8608695652173913,0.955499090281699,0.7310167551040649,0.7198472314665145,0.1064263235220882,230
gam,8,single_cp,ventricle_right,biomarker,0.9,0.9675732480080306,0.8251769542694092,0.8028671349110873,0.1088377756755866,230
gam,8,bonferroni_cp,ALL_JOINT,joint,0.9608695652173912,,,2.08264635735755,,230
gam,8,joint_cp,ALL_JOINT,joint,0.9260869565217392,,,1.5591423264194186,,230
gam,8,raw,ALL_JOINT,joint,0.2260869565217391,,,0.4306203997270086,,230
gam,8,single_cp,ALL_JOINT,joint,0.7913043478260869,,,0.997901781978358,,230
gam,9,bonferroni_cp,hippocampus_left,biomarker,0.991304347826087,0.9958937198067632,1.8893385231494904,1.8717520674821448,0.1606933744043204,230
gam,9,bonferroni_cp,hippocampus_right,biomarker,0.9869565217391304,0.997888198757764,1.971745252609253,1.951852367147296,0.1497813264043641,230
gam,9,bonferroni_cp,ventricle_left,biomarker,0.982608695652174,0.9968961352657004,1.8288702368736267,1.852554516240534,0.0995858635584465,230
gam,9,bonferroni_cp,ventricle_right,biomarker,0.991304347826087,0.9984903381642511,1.9476606845855715,1.951170932785527,0.1003789540076728,230
gam,9,joint_cp,hippocampus_left,biomarker,0.982608695652174,0.9940096618357488,1.643995761871338,1.628693020605438,0.1606933744043204,230
gam,9,joint_cp,hippocampus_right,biomarker,0.9652173913043478,0.992056590752243,1.6013032946531576,1.5851477882619358,0.1497813264043641,230
gam,9,joint_cp,ventricle_left,biomarker,0.9608695652173912,0.9905503795721188,1.0533554712072046,1.0669966605872556,0.0995858635584465,230
gam,9,joint_cp,ventricle_right,biomarker,0.9565217391304348,0.9893599033816424,1.0741534774957051,1.0760894129184904,0.1003789540076728,230
gam,9,raw,hippocampus_left,biomarker,0.5260869565217391,0.8052319781667607,0.5382083242543478,0.533198540820452,0.1606933744043204,230
gam,9,raw,hippocampus_right,biomarker,0.5260869565217391,0.8216094171528954,0.5242317424573089,0.5189427823371181,0.1497813264043641,230
gam,9,raw,ventricle_left,biomarker,0.6130434782608696,0.8410557437731351,0.3448455866803792,0.3493114142982779,0.0995858635584465,230
gam,9,raw,ventricle_right,biomarker,0.6478260869565218,0.860151828847481,0.3516543999218584,0.3522881829180966,0.1003789540076728,230
gam,9,single_cp,hippocampus_left,biomarker,0.9043478260869564,0.9721549344375432,1.1037907600402832,1.0935163878038483,0.1606933744043204,230
gam,9,single_cp,hippocampus_right,biomarker,0.9043478260869564,0.9729520358868186,1.10149884223938,1.0903858496881618,0.1497813264043641,230
gam,9,single_cp,ventricle_left,biomarker,0.9260869565217392,0.9822843340234644,0.7878991365432739,0.7981026069079816,0.0995858635584465,230
gam,9,single_cp,ventricle_right,biomarker,0.9217391304347826,0.9823205659075224,0.823073148727417,0.8245565647359744,0.1003789540076728,230
gam,9,bonferroni_cp,ALL_JOINT,joint,0.9652173913043478,,,1.9068324709138755,,230
gam,9,joint_cp,ALL_JOINT,joint,0.908695652173913,,,1.3392317205932798,,230
gam,9,raw,ALL_JOINT,joint,0.2695652173913043,,,0.4384352300934862,,230
gam,9,single_cp,ALL_JOINT,joint,0.7956521739130434,,,0.9516403522839916,,230
mlp,0,bonferroni_cp,hippocampus_left,biomarker,0.9695652173913044,0.9931953071083506,1.9104857444763184,1.9012990649105368,0.2000397593027237,230
mlp,0,bonferroni_cp,hippocampus_right,biomarker,0.9869565217391304,0.9980346947738252,1.9743855148553848,1.964145211479182,0.1661997639108752,230
mlp,0,bonferroni_cp,ventricle_left,biomarker,0.9782608695652174,0.9935334713595584,1.482837438583374,1.4895224913975451,0.1266836882640972,230
mlp,0,bonferroni_cp,ventricle_right,biomarker,0.9739130434782608,0.9923740510697032,1.7441754341125488,1.7551563972975217,0.1364057592910766,230
mlp,0,joint_cp,hippocampus_left,biomarker,0.991304347826087,0.9986473429951692,2.2712042168244464,2.2602830019298863,0.2000397593027237,230
mlp,0,joint_cp,hippocampus_right,biomarker,0.991304347826087,0.9985177865612648,2.1717970841491856,2.1605328903805896,0.1661997639108752,230
mlp,0,joint_cp,ventricle_left,biomarker,0.9130434782608696,0.9762265512265512,0.9306121468544006,0.9348076110296069,0.1266836882640972,230
mlp,0,joint_cp,ventricle_right,biomarker,0.8956521739130435,0.9596256038647344,1.0313317676359457,1.0378248164144164,0.1364057592910766,230
mlp,0,raw,hippocampus_left,biomarker,0.1869565217391304,0.5186780851998244,0.304101433117284,0.3026391440478048,0.2000397593027237,230
mlp,0,raw,hippocampus_right,biomarker,0.1913043478260869,0.5492849300457996,0.2907913787924935,0.2892831667864722,0.1661997639108752,230
mlp,0,raw,ventricle_left,biomarker,0.1217391304347826,0.3584268147311625,0.1246037170230608,0.1251654660101493,0.1266836882640972,230
mlp,0,raw,ventricle_right,biomarker,0.1608695652173913,0.4263550097245749,0.1380895061017382,0.1389588887068806,0.1364057592910766,230
mlp,0,single_cp,hippocampus_left,biomarker,0.9260869565217392,0.9799636112679592,1.3901488780975342,1.383464268003616,0.2000397593027237,230
mlp,0,single_cp,hippocampus_right,biomarker,0.9478260869565216,0.9889455110107284,1.3583769798278809,1.35133165242448,0.1661997639108752,230
mlp,0,single_cp,ventricle_left,biomarker,0.8739130434782608,0.9613603425559948,0.7902085781097412,0.7937710630736504,0.1266836882640972,230
mlp,0,single_cp,ventricle_right,biomarker,0.8739130434782608,0.9411801242236024,0.8320556879043579,0.8372941362267159,0.1364057592910766,230
mlp,0,bonferroni_cp,ALL_JOINT,joint,0.9347826086956522,,,1.777530791271196,,230
mlp,0,joint_cp,ALL_JOINT,joint,0.8478260869565217,,,1.598362079938625,,230
mlp,0,raw,ALL_JOINT,joint,0.008695652173913,,,0.2140116663878268,,230
mlp,0,single_cp,ALL_JOINT,joint,0.7478260869565218,,,1.0914652799321158,,230
mlp,1,bonferroni_cp,hippocampus_left,biomarker,0.9521739130434784,0.9882111004937092,1.8228667974472048,1.823751539813432,0.2016032514405162,230
mlp,1,bonferroni_cp,hippocampus_right,biomarker,0.9739130434782608,0.9934454796411318,2.07133024930954,2.0571093170162333,0.1899787992386778,230
mlp,1,bonferroni_cp,ventricle_left,biomarker,0.9782608695652174,0.9933833678398896,1.479056477546692,1.4832559022520166,0.123223581575055,230
mlp,1,bonferroni_cp,ventricle_right,biomarker,0.9956521739130436,0.999209486166008,1.9133689403533936,1.8946266409698012,0.1311718233701747,230
mlp,1,joint_cp,hippocampus_left,biomarker,0.9652173913043478,0.9922636300897172,2.1564871989109986,2.157533866495144,0.2016032514405162,230
mlp,1,joint_cp,hippocampus_right,biomarker,0.982608695652174,0.9967701863354038,2.2666908748117565,2.2511286739163183,0.1899787992386778,230
mlp,1,joint_cp,ventricle_left,biomarker,0.9478260869565216,0.9822377501725328,1.0316841006278992,1.0346133191980067,0.123223581575055,230
mlp,1,joint_cp,ventricle_right,biomarker,0.9478260869565216,0.9884467344249952,1.3094607302087915,1.2966339802187463,0.1311718233701747,230
mlp,1,raw,hippocampus_left,biomarker,0.1,0.4680420304333348,0.2684847661635671,0.2686150773018489,0.2016032514405162,230
mlp,1,raw,hippocampus_right,biomarker,0.1869565217391304,0.5349344978692805,0.2822052316360828,0.2802677223986006,0.1899787992386778,230
mlp,1,raw,ventricle_left,biomarker,0.1652173913043478,0.3786034376251767,0.1284456799241047,0.1288103705020198,0.123223581575055,230
mlp,1,raw,ventricle_right,biomarker,0.2,0.457338712012625,0.1630291420825592,0.1614321991591535,0.1311718233701747,230
mlp,1,single_cp,hippocampus_left,biomarker,0.8826086956521739,0.9662122297991864,1.250125288963318,1.250732046850283,0.2016032514405162,230
mlp,1,single_cp,hippocampus_right,biomarker,0.9043478260869564,0.972698424763642,1.3140157461166382,1.3049942349577623,0.1899787992386778,230
mlp,1,single_cp,ventricle_left,biomarker,0.908695652173913,0.9713157977288412,0.8565621376037598,0.8589941395299239,0.123223581575055,230
mlp,1,single_cp,ventricle_right,biomarker,0.9,0.9714139845661584,0.9238980412483216,0.9148480492035084,0.1311718233701747,230
mlp,1,bonferroni_cp,ALL_JOINT,joint,0.9217391304347826,,,1.8146858500128709,,230
mlp,1,joint_cp,ALL_JOINT,joint,0.8913043478260869,,,1.684977459957054,,230
mlp,1,raw,ALL_JOINT,joint,0.0043478260869565,,,0.2097813423404057,,230
mlp,1,single_cp,ALL_JOINT,joint,0.7521739130434782,,,1.0823921176353697,,230
mlp,2,bonferroni_cp,hippocampus_left,biomarker,0.9695652173913044,0.9945548654244308,2.180852472782135,2.202542053630862,0.2259202853834891,230
mlp,2,bonferroni_cp,hippocampus_right,biomarker,0.9695652173913044,0.9947670807453416,1.895871877670288,1.908783562190672,0.2021329853955759,230
mlp,2,bonferroni_cp,ventricle_left,biomarker,0.9869565217391304,0.9967650103519669,1.620289325714111,1.610933988074892,0.1284009386460538,230
mlp,2,bonferroni_cp,ventricle_right,biomarker,0.9739130434782608,0.9916563146997928,1.4994080066680908,1.5058603155915098,0.124789827155626,230
mlp,2,joint_cp,hippocampus_left,biomarker,0.9869565217391304,0.9985093167701864,2.473575592041016,2.498176438938546,0.2259202853834891,230
mlp,2,joint_cp,hippocampus_right,biomarker,0.982608695652174,0.9968012422360248,1.9934012971297497,2.0069771979984785,0.2021329853955759,230
mlp,2,joint_cp,ventricle_left,biomarker,0.9608695652173912,0.990631469979296,1.2108535134199103,1.203862204355595,0.1284009386460538,230
mlp,2,joint_cp,ventricle_right,biomarker,0.9304347826086956,0.9770652173913044,1.081609832397584,1.0862642565050988,0.124789827155626,230
mlp,2,raw,hippocampus_left,biomarker,0.1478260869565217,0.5012888198757763,0.3484250376165599,0.3518902848615808,0.2259202853834891,230
mlp,2,raw,hippocampus_right,biomarker,0.108695652173913,0.4486922015182885,0.2807882339121236,0.2827005198297586,0.2021329853955759,230
mlp,2,raw,ventricle_left,biomarker,0.1869565217391304,0.4650345065562457,0.1705594453304585,0.169574657506888,0.1284009386460538,230
mlp,2,raw,ventricle_right,biomarker,0.2217391304347826,0.474811939268461,0.1523543277804628,0.1530099446534471,0.124789827155626,230
mlp,2,single_cp,hippocampus_left,biomarker,0.9130434782608696,0.9769427191166322,1.5250377655029297,1.5402049674687013,0.2259202853834891,230
mlp,2,single_cp,hippocampus_right,biomarker,0.917391304347826,0.9790683229813664,1.3663337230682373,1.3756390301354515,0.2021329853955759,230
mlp,2,single_cp,ventricle_left,biomarker,0.9130434782608696,0.9697342995169084,0.8843438625335693,0.879237777285784,0.1284009386460538,230
mlp,2,single_cp,ventricle_right,biomarker,0.8826086956521739,0.9528830227743272,0.7808828353881836,0.7842431597725492,0.124789827155626,230
mlp,2,bonferroni_cp,ALL_JOINT,joint,0.9217391304347826,,,1.807029979871984,,230
mlp,2,joint_cp,ALL_JOINT,joint,0.9,,,1.6988200244494296,,230
mlp,2,raw,ALL_JOINT,joint,0.0043478260869565,,,0.2392938517129186,,230
mlp,2,single_cp,ALL_JOINT,joint,0.7521739130434782,,,1.1448312336656217,,230
mlp,3,bonferroni_cp,hippocampus_left,biomarker,0.9652173913043478,0.9916425120772948,1.8973155617713928,1.925101171359169,0.2015534595324287,230
mlp,3,bonferroni_cp,hippocampus_right,biomarker,0.9478260869565216,0.9911038961038962,1.882661819458008,1.899425274223309,0.1999128908631531,230
mlp,3,bonferroni_cp,ventricle_left,biomarker,0.982608695652174,0.9961490683229814,1.567215383052826,1.5399163414083907,0.1495133827340363,230
mlp,3,bonferroni_cp,ventricle_right,biomarker,0.9739130434782608,0.9950931677018632,1.7608344554901123,1.7270723096323397,0.1393889773017784,230
mlp,3,joint_cp,hippocampus_left,biomarker,0.9869565217391304,0.9973084886128364,2.270738807167465,2.30399308665741,0.2015534595324287,230
mlp,3,joint_cp,hippocampus_right,biomarker,0.9869565217391304,0.997492941840768,2.330998887801225,2.351754391529916,0.1999128908631531,230
mlp,3,joint_cp,ventricle_left,biomarker,0.9391304347826088,0.9827691511387164,1.2455549836158752,1.2238588863622042,0.1495133827340363,230
mlp,3,joint_cp,ventricle_right,biomarker,0.9652173913043478,0.988343685300207,1.3414959095033503,1.315774138542405,0.1393889773017784,230
mlp,3,raw,hippocampus_left,biomarker,0.117391304347826,0.4805546144676579,0.2885265226571015,0.2927519058647236,0.2015534595324287,230
mlp,3,raw,hippocampus_right,biomarker,0.1521739130434782,0.5083270594140159,0.2961833396654758,0.2988205929232848,0.1999128908631531,230
mlp,3,raw,ventricle_left,biomarker,0.1608695652173913,0.3975548967940272,0.1582637540991335,0.1555069863563738,0.1495133827340363,230
mlp,3,raw,ventricle_right,biomarker,0.1826086956521739,0.4506397829223916,0.1704542806535047,0.167185999374954,0.1393889773017784,230
mlp,3,single_cp,hippocampus_left,biomarker,0.8521739130434782,0.9631468410816236,1.3261290490627289,1.3455498058217492,0.2015534595324287,230
mlp,3,single_cp,hippocampus_right,biomarker,0.8956521739130435,0.9648407992973212,1.2992626428604126,1.310831438868666,0.1999128908631531,230
mlp,3,single_cp,ventricle_left,biomarker,0.9130434782608696,0.9706521739130436,1.0127944350242617,0.9951527517189824,0.1495133827340363,230
mlp,3,single_cp,ventricle_right,biomarker,0.8608695652173913,0.9558643892339544,0.8865482807159424,0.8695496513046624,0.1393889773017784,230
mlp,3,bonferroni_cp,ALL_JOINT,joint,0.917391304347826,,,1.772878774155802,,230
mlp,3,joint_cp,ALL_JOINT,joint,0.9043478260869564,,,1.7988451257729838,,230
mlp,3,raw,ALL_JOINT,joint,0.0,,,0.228566371129834,,230
mlp,3,single_cp,ALL_JOINT,joint,0.7,,,1.130270911928515,,230
mlp,4,bonferroni_cp,hippocampus_left,biomarker,0.9565217391304348,0.9856865236213064,1.9432350397109983,1.931732988440202,0.1978869929635851,230
mlp,4,bonferroni_cp,hippocampus_right,biomarker,0.9739130434782608,0.9932677708764664,1.9447236061096191,1.924543745127007,0.2006402125666635,230
mlp,4,bonferroni_cp,ventricle_left,biomarker,0.9565217391304348,0.986338226990401,1.3539364337921145,1.3402797683241952,0.1304612738051569,230
mlp,4,bonferroni_cp,ventricle_right,biomarker,0.9695652173913044,0.991304347826087,1.471428394317627,1.4635986740474043,0.1297521415569389,230
mlp,4,joint_cp,hippocampus_left,biomarker,0.9608695652173912,0.987712215320911,2.1005578818493538,2.0881246331889654,0.1978869929635851,230
mlp,4,joint_cp,hippocampus_right,biomarker,0.9782608695652174,0.9955503795721188,2.0827031181935323,2.061091481834947,0.2006402125666635,230
mlp,4,joint_cp,ventricle_left,biomarker,0.908695652173913,0.971318777840517,0.9417014122009276,0.9322028117968636,0.1304612738051569,230
mlp,4,joint_cp,ventricle_right,biomarker,0.9608695652173912,0.9874051069703244,1.251003101387668,1.2443463015196805,0.1297521415569389,230
mlp,4,raw,hippocampus_left,biomarker,0.1217391304347826,0.4612635673505239,0.2678299398060315,0.2662446484560148,0.1978869929635851,230
mlp,4,raw,hippocampus_right,biomarker,0.1478260869565217,0.4745465524813351,0.2655533825559263,0.2627978082796613,0.2006402125666635,230
mlp,4,raw,ventricle_left,biomarker,0.1130434782608695,0.3462436476566911,0.1200708796098375,0.1188597682205992,0.1304612738051569,230
mlp,4,raw,ventricle_right,biomarker,0.1608695652173913,0.4334384214818997,0.1595081422116447,0.1586593723094441,0.1297521415569389,230
mlp,4,single_cp,hippocampus_left,biomarker,0.8826086956521739,0.9649683167074472,1.318088173866272,1.3102863807504506,0.1978869929635851,230
mlp,4,single_cp,hippocampus_right,biomarker,0.8652173913043478,0.9577398205659076,1.2192569822072985,1.2066050884750867,0.2006402125666635,230
mlp,4,single_cp,ventricle_left,biomarker,0.8869565217391304,0.960190413451283,0.8556311726570129,0.8470007315245791,0.1304612738051569,230
mlp,4,single_cp,ventricle_right,biomarker,0.9130434782608696,0.975036075036075,0.9133648872375488,0.9085047176232266,0.1297521415569389,230
mlp,4,bonferroni_cp,ALL_JOINT,joint,0.8782608695652174,,,1.6650387939847022,,230
mlp,4,joint_cp,ALL_JOINT,joint,0.8434782608695652,,,1.581441307085114,,230
mlp,4,raw,ALL_JOINT,joint,0.0043478260869565,,,0.2016403993164298,,230
mlp,4,single_cp,ALL_JOINT,joint,0.691304347826087,,,1.0680992295933358,,230
mlp,5,bonferroni_cp,hippocampus_left,biomarker,0.982608695652174,0.9964389233954452,2.049906864762306,2.034633424712708,0.2013021113421646,230
mlp,5,bonferroni_cp,hippocampus_right,biomarker,0.9956521739130436,0.9994565217391304,2.1166914217174053,2.1041389901952336,0.1866711061699022,230
mlp,5,bonferroni_cp,ventricle_left,biomarker,0.982608695652174,0.9960869565217392,1.4442989230155945,1.4387178637974465,0.1383287873645255,230
mlp,5,bonferroni_cp,ventricle_right,biomarker,0.991304347826087,0.9990217391304348,1.6969115436077118,1.670981730952085,0.1213939742782747,230
mlp,5,joint_cp,hippocampus_left,biomarker,0.9956521739130436,0.9991304347826088,2.520163339528274,2.501386113917127,0.2013021113421646,230
mlp,5,joint_cp,hippocampus_right,biomarker,1.0,1.0,2.3557892003002605,2.3418188679627074,0.1866711061699022,230
mlp,5,joint_cp,ventricle_left,biomarker,0.9739130434782608,0.9932505175983436,1.1815727353096008,1.1770069025022596,0.1383287873645255,230
mlp,5,joint_cp,ventricle_right,biomarker,0.9608695652173912,0.9894927536231884,1.169065306198223,1.151201296441141,0.1213939742782747,230
mlp,5,raw,hippocampus_left,biomarker,0.1391304347826087,0.5049631407240103,0.3208663687470881,0.3184756585488668,0.2013021113421646,230
mlp,5,raw,hippocampus_right,biomarker,0.1695652173913043,0.5024264382960035,0.2999383073223499,0.2981596091971006,0.1866711061699022,230
mlp,5,raw,ventricle_left,biomarker,0.1565217391304348,0.3780234017190539,0.1504374526217499,0.149856132288175,0.1383287873645255,230
mlp,5,raw,ventricle_right,biomarker,0.2,0.4524946671685802,0.1488450108548284,0.1465705709992393,0.1213939742782747,230
mlp,5,single_cp,hippocampus_left,biomarker,0.908695652173913,0.9816009473618168,1.4520321488380432,1.4412133519665378,0.2013021113421646,230
mlp,5,single_cp,hippocampus_right,biomarker,0.9347826086956522,0.984083850931677,1.3350255489349363,1.3271085627311756,0.1866711061699022,230
mlp,5,single_cp,ventricle_left,biomarker,0.9043478260869564,0.9695289855072464,0.8429051637649536,0.8396480100280852,0.1383287873645255,230
mlp,5,single_cp,ventricle_right,biomarker,0.9304347826086956,0.9788336783988956,0.9382126331329346,0.9238761888439424,0.1213939742782747,230
mlp,5,bonferroni_cp,ALL_JOINT,joint,0.9608695652173912,,,1.812118002414368,,230
mlp,5,joint_cp,ALL_JOINT,joint,0.9434782608695652,,,1.7928532952058085,,230
mlp,5,raw,ALL_JOINT,joint,0.017391304347826,,,0.2282654927583454,,230
mlp,5,single_cp,ALL_JOINT,joint,0.7782608695652173,,,1.1329615283924352,,230
mlp,6,bonferroni_cp,hippocampus_left,biomarker,0.9869565217391304,0.993840579710145,2.1201510429382324,2.1059579452947097,0.220479351772784,230
mlp,6,bonferroni_cp,hippocampus_right,biomarker,0.982608695652174,0.9942753623188406,2.0876775979995728,2.080725482247302,0.1907998426960067,230
mlp,6,bonferroni_cp,ventricle_left,biomarker,0.9565217391304348,0.9839348453478888,1.6171385049819946,1.613492253702469,0.1487427626663339,230
mlp,6,bonferroni_cp,ventricle_right,biomarker,0.9782608695652174,0.9903985507246376,1.8290483951568604,1.824232839108798,0.142509912658123,230
mlp,6,joint_cp,hippocampus_left,biomarker,0.9956521739130436,0.9956521739130436,2.4870905039654243,2.470440973976212,0.220479351772784,230
mlp,6,joint_cp,hippocampus_right,biomarker,0.982608695652174,0.9928623188405796,1.8566611856824584,1.8504783711099493,0.1907998426960067,230
mlp,6,joint_cp,ventricle_left,biomarker,0.9521739130434784,0.981666039274735,1.273691578613395,1.2708197160401324,0.1487427626663339,230
mlp,6,joint_cp,ventricle_right,biomarker,0.9347826086956522,0.9742736369910282,1.1985251903533936,1.1953696887032217,0.142509912658123,230
mlp,6,raw,hippocampus_left,biomarker,0.1956521739130435,0.5369113495200452,0.3847546004349902,0.3821789067687501,0.220479351772784,230
mlp,6,raw,hippocampus_right,biomarker,0.1695652173913043,0.5079824643955079,0.2872267541134645,0.2862702684742742,0.1907998426960067,230
mlp,6,raw,ventricle_left,biomarker,0.2260869565217391,0.4857665160926031,0.1970409575467631,0.1965966784442864,0.1487427626663339,230
mlp,6,raw,ventricle_right,biomarker,0.2347826086956521,0.4961752619361315,0.1854126659204604,0.1849245076589705,0.142509912658123,230
mlp,6,single_cp,hippocampus_left,biomarker,0.9434782608695652,0.9834420289855073,1.4839021563529968,1.473968350802349,0.220479351772784,230
mlp,6,single_cp,hippocampus_right,biomarker,0.9,0.9688780663780664,1.193925857543945,1.189949999025739,0.1907998426960067,230
mlp,6,single_cp,ventricle_left,biomarker,0.8913043478260869,0.961545109479892,0.8771701455116272,0.8751923416589702,0.1487427626663339,230
mlp,6,single_cp,ventricle_right,biomarker,0.9130434782608696,0.967208419599724,1.025329351425171,1.0226298433243544,0.142509912658123,230
mlp,6,bonferroni_cp,ALL_JOINT,joint,0.9304347826086956,,,1.9061021300883196,,230
mlp,6,joint_cp,ALL_JOINT,joint,0.9,,,1.6967771874573792,,230
mlp,6,raw,ALL_JOINT,joint,0.0043478260869565,,,0.2624925903365703,,230
mlp,6,single_cp,ALL_JOINT,joint,0.7608695652173914,,,1.140435133702853,,230
mlp,7,bonferroni_cp,hippocampus_left,biomarker,0.9869565217391304,0.99731884057971,2.0483996272087097,2.081267399564215,0.1975897124591772,230
mlp,7,bonferroni_cp,hippocampus_right,biomarker,0.9521739130434784,0.9814906832298136,1.7531341016292572,1.7798918644347188,0.2140129556508588,230
mlp,7,bonferroni_cp,ventricle_left,biomarker,0.991304347826087,0.9979468599033816,1.549546092748642,1.5267453988396602,0.1380382689681562,230
mlp,7,bonferroni_cp,ventricle_right,biomarker,0.982608695652174,0.9961180124223604,1.596043586730957,1.5674341935816205,0.1153795871078206,230
mlp,7,joint_cp,hippocampus_left,biomarker,0.991304347826087,0.9981884057971014,2.2110616443173403,2.246539424055291,0.1975897124591772,230
mlp,7,joint_cp,hippocampus_right,biomarker,0.9739130434782608,0.989544513457557,2.188764397755893,2.2221711055130253,0.2140129556508588,230
mlp,7,joint_cp,ventricle_left,biomarker,0.9956521739130436,0.9990338164251208,1.6574374126362192,1.633049159007843,0.1380382689681562,230
mlp,7,joint_cp,ventricle_right,biomarker,0.9652173913043478,0.9907263630089718,1.170984387397766,1.1499942634504523,0.1153795871078206,230
mlp,7,raw,hippocampus_left,biomarker,0.0782608695652174,0.4509062676453981,0.2754276698189922,0.2798470681784586,0.1975897124591772,230
mlp,7,raw,hippocampus_right,biomarker,0.0869565217391304,0.4524248698161742,0.2726501449681665,0.2768115538992647,0.2140129556508588,230
mlp,7,raw,ventricle_left,biomarker,0.1652173913043478,0.4435165317774013,0.2064637707440119,0.203425773189723,0.1380382689681562,230
mlp,7,raw,ventricle_right,biomarker,0.1826086956521739,0.446190789886442,0.1458672588547229,0.1432525597381791,0.1153795871078206,230
mlp,7,single_cp,hippocampus_left,biomarker,0.9043478260869564,0.9777760524499656,1.310877040028572,1.3319108302936236,0.1975897124591772,230
mlp,7,single_cp,hippocampus_right,biomarker,0.8826086956521739,0.9587560386473428,1.287466049194336,1.3071164063075833,0.2140129556508588,230
mlp,7,single_cp,ventricle_left,biomarker,0.9434782608695652,0.9857950624254972,0.9309085607528688,0.9172107680571208,0.1380382689681562,230
mlp,7,single_cp,ventricle_right,biomarker,0.9521739130434784,0.986559696342305,1.0808690786361694,1.0614942892063894,0.1153795871078206,230
mlp,7,bonferroni_cp,ALL_JOINT,joint,0.9304347826086956,,,1.7388347141050535,,230
mlp,7,joint_cp,ALL_JOINT,joint,0.9434782608695652,,,1.8129384880066528,,230
mlp,7,raw,ALL_JOINT,joint,0.008695652173913,,,0.2258342387514064,,230
mlp,7,single_cp,ALL_JOINT,joint,0.7608695652173914,,,1.1544330734661792,,230
mlp,8,bonferroni_cp,hippocampus_left,biomarker,0.9956521739130436,0.9985507246376812,2.3823304176330566,2.429724423054864,0.1905200412446832,230
mlp,8,bonferroni_cp,hippocampus_right,biomarker,0.982608695652174,0.9977657004830918,2.160815477371216,2.2088936127898235,0.1771690884349941,230
mlp,8,bonferroni_cp,ventricle_left,biomarker,0.9869565217391304,0.9978088336783988,1.9297962188720703,1.900310021282415,0.1289969673880746,230
mlp,8,bonferroni_cp,ventricle_right,biomarker,0.9782608695652174,0.9967061923583664,1.7179940342903135,1.6715456496554977,0.1329512806647453,230
mlp,8,joint_cp,hippocampus_left,biomarker,0.9869565217391304,0.997632850241546,2.1404524501925635,2.183034543036903,0.1905200412446832,230
mlp,8,joint_cp,hippocampus_right,biomarker,0.982608695652174,0.9977657004830918,2.171058123829789,2.219364158089662,0.1771690884349941,230
mlp,8,joint_cp,ventricle_left,biomarker,0.9695652173913044,0.9928500846979108,1.3722437620162964,1.351276651441464,0.1289969673880746,230
mlp,8,joint_cp,ventricle_right,biomarker,0.9565217391304348,0.9884606938954764,1.233607647772394,1.2002553302622507,0.1329512806647453,230
mlp,8,raw,hippocampus_left,biomarker,0.1956521739130435,0.5364800899583508,0.3022145011837994,0.3082267468410933,0.1905200412446832,230
mlp,8,raw,hippocampus_right,biomarker,0.1913043478260869,0.560026060895626,0.3065357737216855,0.313356193416924,0.1771690884349941,230
mlp,8,raw,ventricle_left,biomarker,0.2608695652173913,0.5261314772184337,0.1937496738145368,0.1907892880965226,0.1289969673880746,230
mlp,8,raw,ventricle_right,biomarker,0.1869565217391304,0.4479376179376179,0.1741753804876694,0.1694663041432055,0.1329512806647453,230
mlp,8,single_cp,hippocampus_left,biomarker,0.9043478260869564,0.9762314135140222,1.3954041004180908,1.4231642251309895,0.1905200412446832,230
mlp,8,single_cp,hippocampus_right,biomarker,0.9521739130434784,0.9875065876152832,1.42437082529068,1.4560630702518054,0.1771690884349941,230
mlp,8,single_cp,ventricle_left,biomarker,0.9217391304347826,0.9784155216763912,1.0301096141338348,1.0143701203342737,0.1289969673880746,230
mlp,8,single_cp,ventricle_right,biomarker,0.9,0.973081121776774,0.9560095071792604,0.930162445770606,0.1329512806647453,230
mlp,8,bonferroni_cp,ALL_JOINT,joint,0.9521739130434784,,,2.0526184266956498,,230
mlp,8,joint_cp,ALL_JOINT,joint,0.9260869565217392,,,1.73848267070757,,230
mlp,8,raw,ALL_JOINT,joint,0.0217391304347826,,,0.2454596331244364,,230
mlp,8,single_cp,ALL_JOINT,joint,0.7608695652173914,,,1.2059399653719187,,230
mlp,9,bonferroni_cp,hippocampus_left,biomarker,0.982608695652174,0.9942995169082126,1.9533442854881289,1.9351620474937776,0.2074544038654144,230
mlp,9,bonferroni_cp,hippocampus_right,biomarker,0.982608695652174,0.9956763285024156,1.7627105116844175,1.7449265721693494,0.1812335465407922,230
mlp,9,bonferroni_cp,ventricle_left,biomarker,0.9695652173913044,0.9922463768115942,1.5251593589782717,1.5449105144232,0.1335797319114721,230
mlp,9,bonferroni_cp,ventricle_right,biomarker,0.982608695652174,0.9964734299516907,1.596803903579712,1.599681806323544,0.13723897998006,230
mlp,9,joint_cp,hippocampus_left,biomarker,0.991304347826087,0.997342995169082,2.325562000274658,2.303915062725681,0.2074544038654144,230
mlp,9,joint_cp,hippocampus_right,biomarker,0.9869565217391304,0.9966545893719808,2.221489018131217,2.1990764744548983,0.1812335465407922,230
mlp,9,joint_cp,ventricle_left,biomarker,0.9391304347826088,0.978714630779848,1.0281800623536763,1.0414952245479592,0.1335797319114721,230
mlp,9,joint_cp,ventricle_right,biomarker,0.9434782608695652,0.983731884057971,1.2252030226101025,1.2274111930264051,0.13723897998006,230
mlp,9,raw,hippocampus_left,biomarker,0.1695652173913043,0.5026453980801807,0.3121479481200098,0.3092423936182605,0.2074544038654144,230
mlp,9,raw,hippocampus_right,biomarker,0.1913043478260869,0.553563115628333,0.2981787794515467,0.295170461668625,0.1812335465407922,230
mlp,9,raw,ventricle_left,biomarker,0.1521739130434782,0.4147012045925089,0.1380071985712266,0.139794422716332,0.1335797319114721,230
mlp,9,raw,ventricle_right,biomarker,0.1652173913043478,0.4247123407992973,0.1644525536162911,0.1647489447099135,0.13723897998006,230
mlp,9,single_cp,hippocampus_left,biomarker,0.8913043478260869,0.9648033126293996,1.3152326345443726,1.3029901062011178,0.2074544038654144,230
mlp,9,single_cp,hippocampus_right,biomarker,0.9260869565217392,0.97833850931677,1.3318936228752136,1.318456183504024,0.1812335465407922,230
mlp,9,single_cp,ventricle_left,biomarker,0.8956521739130435,0.9590493443754312,0.842292070388794,0.8531999414347579,0.1335797319114721,230
mlp,9,single_cp,ventricle_right,biomarker,0.9130434782608696,0.9689251207729468,0.9253851175308228,0.9270529293158972,0.13723897998006,230
mlp,9,bonferroni_cp,ALL_JOINT,joint,0.9347826086956522,,,1.706170235102468,,230
mlp,9,joint_cp,ALL_JOINT,joint,0.9130434782608696,,,1.692974488688736,,230
mlp,9,raw,ALL_JOINT,joint,0.0,,,0.2272390556782827,,230
mlp,9,single_cp,ALL_JOINT,joint,0.7391304347826086,,,1.1004247901139492,,230
