fold,biomarker,target_index,iteration,negative_mll
0,hippocampus_right,13,1,1.214836597442627
0,hippocampus_right,13,2,1.0477172136306763
0,hippocampus_right,13,3,0.9755465984344482
0,hippocampus_right,13,4,0.9412863850593567
0,hippocampus_right,13,5,0.9117996096611023
0,hippocampus_right,13,6,0.8800937533378601
0,hippocampus_right,13,7,0.8608652949333191
0,hippocampus_right,13,8,0.847857654094696
0,hippocampus_right,13,9,0.8333441615104675
0,hippocampus_right,13,10,0.8245346546173096
0,hippocampus_right,13,11,0.8192124366760254
0,hippocampus_right,13,12,0.8053616881370544
0,hippocampus_right,13,13,0.7927607297897339
0,hippocampus_right,13,14,0.7840898036956787
0,hippocampus_right,13,15,0.7727213501930237
0,hippocampus_right,13,16,0.7649438381195068
0,hippocampus_right,13,17,0.7594178915023804
0,hippocampus_right,13,18,0.7547772526741028
0,hippocampus_right,13,19,0.74333256483078
0,hippocampus_right,13,20,0.737152636051178
0,hippocampus_right,13,21,0.7293680310249329
0,hippocampus_right,13,22,0.7197561264038086
0,hippocampus_right,13,23,0.7153066992759705
0,hippocampus_right,13,24,0.7070865631103516
0,hippocampus_right,13,25,0.6946055293083191
0,hippocampus_right,13,26,0.6823392510414124
0,hippocampus_right,13,27,0.669987142086029
0,hippocampus_right,13,28,0.6568747758865356
0,hippocampus_right,13,29,0.6468738913536072
0,hippocampus_right,13,30,0.6414455771446228
0,hippocampus_right,13,31,0.6335751414299011
0,hippocampus_right,13,32,0.6310622692108154
0,hippocampus_right,13,33,0.623272716999054
0,hippocampus_right,13,34,0.622080385684967
0,hippocampus_right,13,35,0.6152522563934326
0,hippocampus_right,13,36,0.6107633709907532
0,hippocampus_right,13,37,0.5968167781829834
0,hippocampus_right,13,38,0.6036973595619202
0,hippocampus_right,13,39,0.5905856490135193
0,hippocampus_right,13,40,0.5871721506118774
0,hippocampus_right,13,41,0.5850672721862793
0,hippocampus_right,13,42,0.5778853893280029
0,hippocampus_right,13,43,0.5684787631034851
0,hippocampus_right,13,44,0.5577414631843567
0,hippocampus_right,13,45,0.5632110834121704
0,hippocampus_right,13,46,0.570792019367218
0,hippocampus_right,13,47,0.5436005592346191
0,hippocampus_right,13,48,0.5507779717445374
0,hippocampus_right,13,49,0.5452741384506226
0,hippocampus_right,13,50,0.5365339517593384
0,hippocampus_right,13,51,0.5193807482719421
0,hippocampus_right,13,52,0.5101351141929626
0,hippocampus_right,13,53,0.5018888115882874
0,hippocampus_right,13,54,0.4938727915287018
0,hippocampus_right,13,55,0.4868459403514862
0,hippocampus_right,13,56,0.48448967933654785
0,hippocampus_right,13,57,0.4884929358959198
0,hippocampus_right,13,58,0.47717466950416565
0,hippocampus_right,13,59,0.49514591693878174
0,hippocampus_right,13,60,0.4804714322090149
0,hippocampus_right,13,61,0.49122869968414307
0,hippocampus_right,13,62,0.47238025069236755
0,hippocampus_right,13,63,0.48166728019714355
0,hippocampus_right,13,64,0.4759771227836609
0,hippocampus_right,13,65,0.47324037551879883
0,hippocampus_right,13,66,0.4756396412849426
0,hippocampus_right,13,67,0.4692287743091583
0,hippocampus_right,13,68,0.4639672040939331
0,hippocampus_right,13,69,0.4535658061504364
0,hippocampus_right,13,70,0.45228204131126404
0,hippocampus_right,13,71,0.4347210228443146
0,hippocampus_right,13,72,0.44299978017807007
0,hippocampus_right,13,73,0.41961929202079773
0,hippocampus_right,13,74,0.4246048927307129
0,hippocampus_right,13,75,0.41592225432395935
0,hippocampus_right,13,76,0.41219571232795715
0,hippocampus_right,13,77,0.40208128094673157
0,hippocampus_right,13,78,0.4072619676589966
0,hippocampus_right,13,79,0.39341655373573303
0,hippocampus_right,13,80,0.39954209327697754
0,hippocampus_right,13,81,0.3959043323993683
0,hippocampus_right,13,82,0.3918798863887787
0,hippocampus_right,13,83,0.3828689754009247
0,hippocampus_right,13,84,0.3766792118549347
0,hippocampus_right,13,85,0.3610636293888092
0,hippocampus_right,13,86,0.364990234375
0,hippocampus_right,13,87,0.37293049693107605
0,hippocampus_right,13,88,0.3619191646575928
0,hippocampus_right,13,89,0.37493187189102173
0,hippocampus_right,13,90,0.3878480792045593
0,hippocampus_right,13,91,0.3908366858959198
0,hippocampus_right,13,92,0.36215639114379883
0,hippocampus_right,13,93,0.3611951768398285
0,hippocampus_right,13,94,0.35327625274658203
0,hippocampus_right,13,95,0.3547663390636444
0,hippocampus_right,13,96,0.3433115780353546
0,hippocampus_right,13,97,0.34440216422080994
0,hippocampus_right,13,98,0.33335816860198975
0,hippocampus_right,13,99,0.3299115300178528
0,hippocampus_right,13,100,0.3278995752334595
0,hippocampus_left,14,1,1.1602743864059448
0,hippocampus_left,14,2,0.986393928527832
0,hippocampus_left,14,3,0.9214726090431213
0,hippocampus_left,14,4,0.8917167782783508
0,hippocampus_left,14,5,0.8720512986183167
0,hippocampus_left,14,6,0.8568915724754333
0,hippocampus_left,14,7,0.842472493648529
0,hippocampus_left,14,8,0.8296845555305481
0,hippocampus_left,14,9,0.812964677810669
0,hippocampus_left,14,10,0.7992950081825256
0,hippocampus_left,14,11,0.7894200086593628
0,hippocampus_left,14,12,0.7778564691543579
0,hippocampus_left,14,13,0.7675772309303284
0,hippocampus_left,14,14,0.7607749104499817
0,hippocampus_left,14,15,0.7507530450820923
0,hippocampus_left,14,16,0.7490354180335999
0,hippocampus_left,14,17,0.7630753517150879
0,hippocampus_left,14,18,0.7534648180007935
0,hippocampus_left,14,19,0.754694938659668
0,hippocampus_left,14,20,0.7320711016654968
0,hippocampus_left,14,21,0.7199365496635437
0,hippocampus_left,14,22,0.7100232243537903
0,hippocampus_left,14,23,0.6988581418991089
0,hippocampus_left,14,24,0.6898351907730103
0,hippocampus_left,14,25,0.6713990569114685
0,hippocampus_left,14,26,0.6610785126686096
0,hippocampus_left,14,27,0.6523509621620178
0,hippocampus_left,14,28,0.6600813269615173
0,hippocampus_left,14,29,0.6503197550773621
0,hippocampus_left,14,30,0.6420173645019531
0,hippocampus_left,14,31,0.6483206748962402
0,hippocampus_left,14,32,0.640783429145813
0,hippocampus_left,14,33,0.6340044140815735
0,hippocampus_left,14,34,0.631496250629425
0,hippocampus_left,14,35,0.6386293172836304
0,hippocampus_left,14,36,0.6273821592330933
0,hippocampus_left,14,37,0.6178033947944641
0,hippocampus_left,14,38,0.6135081052780151
0,hippocampus_left,14,39,0.6052678823471069
0,hippocampus_left,14,40,0.5961531400680542
0,hippocampus_left,14,41,0.5811174511909485
0,hippocampus_left,14,42,0.5803606510162354
0,hippocampus_left,14,43,0.5672826766967773
0,hippocampus_left,14,44,0.5568910837173462
0,hippocampus_left,14,45,0.5494670271873474
0,hippocampus_left,14,46,0.5429713129997253
0,hippocampus_left,14,47,0.5391716957092285
0,hippocampus_left,14,48,0.5355193018913269
0,hippocampus_left,14,49,0.5399807691574097
0,hippocampus_left,14,50,0.5273094177246094
0,hippocampus_left,14,51,0.5379260182380676
0,hippocampus_left,14,52,0.5395525097846985
0,hippocampus_left,14,53,0.5453192591667175
0,hippocampus_left,14,54,0.5435914397239685
0,hippocampus_left,14,55,0.5442777872085571
0,hippocampus_left,14,56,0.5349249243736267
0,hippocampus_left,14,57,0.5044842958450317
0,hippocampus_left,14,58,0.49968618154525757
0,hippocampus_left,14,59,0.4875287711620331
0,hippocampus_left,14,60,0.473418265581131
0,hippocampus_left,14,61,0.46736592054367065
0,hippocampus_left,14,62,0.45753923058509827
0,hippocampus_left,14,63,0.45030832290649414
0,hippocampus_left,14,64,0.44969987869262695
0,hippocampus_left,14,65,0.4329858422279358
0,hippocampus_left,14,66,0.4343659281730652
0,hippocampus_left,14,67,0.43793240189552307
0,hippocampus_left,14,68,0.44347742199897766
0,hippocampus_left,14,69,0.44519901275634766
0,hippocampus_left,14,70,0.4425258934497833
0,hippocampus_left,14,71,0.4436476528644562
0,hippocampus_left,14,72,0.460468053817749
0,hippocampus_left,14,73,0.45407766103744507
0,hippocampus_left,14,74,0.46458202600479126
0,hippocampus_left,14,75,0.4666064977645874
0,hippocampus_left,14,76,0.462214857339859
0,hippocampus_left,14,77,0.4426640272140503
0,hippocampus_left,14,78,0.4500311315059662
0,hippocampus_left,14,79,0.44215232133865356
0,hippocampus_left,14,80,0.4280366599559784
0,hippocampus_left,14,81,0.4149188995361328
0,hippocampus_left,14,82,0.40566524863243103
0,hippocampus_left,14,83,0.3868342339992523
0,hippocampus_left,14,84,0.3924407362937927
0,hippocampus_left,14,85,0.3783910274505615
0,hippocampus_left,14,86,0.3796251118183136
0,hippocampus_left,14,87,0.38401368260383606
0,hippocampus_left,14,88,0.36621713638305664
0,hippocampus_left,14,89,0.3622872233390808
0,hippocampus_left,14,90,0.3530515730381012
0,hippocampus_left,14,91,0.3606727123260498
0,hippocampus_left,14,92,0.3452441692352295
0,hippocampus_left,14,93,0.34892433881759644
0,hippocampus_left,14,94,0.35101503133773804
0,hippocampus_left,14,95,0.35317277908325195
0,hippocampus_left,14,96,0.36453789472579956
0,hippocampus_left,14,97,0.36220255494117737
0,hippocampus_left,14,98,0.37501978874206543
0,hippocampus_left,14,99,0.37464362382888794
0,hippocampus_left,14,100,0.359966516494751
0,ventricle_right,17,1,1.3173203468322754
0,ventricle_right,17,2,0.9937647581100464
0,ventricle_right,17,3,0.9402675628662109
0,ventricle_right,17,4,0.908959150314331
0,ventricle_right,17,5,0.8881909847259521
0,ventricle_right,17,6,0.8797863721847534
0,ventricle_right,17,7,0.8583335280418396
0,ventricle_right,17,8,0.8440622687339783
0,ventricle_right,17,9,0.8304540514945984
0,ventricle_right,17,10,0.8226315379142761
0,ventricle_right,17,11,0.8046231865882874
0,ventricle_right,17,12,0.7923377156257629
0,ventricle_right,17,13,0.7840569019317627
0,ventricle_right,17,14,0.7827662229537964
0,ventricle_right,17,15,0.7778652310371399
0,ventricle_right,17,16,0.7583010196685791
0,ventricle_right,17,17,0.7539680600166321
0,ventricle_right,17,18,0.7377699613571167
0,ventricle_right,17,19,0.728168785572052
0,ventricle_right,17,20,0.7188891768455505
0,ventricle_right,17,21,0.7092289328575134
0,ventricle_right,17,22,0.7016490697860718
0,ventricle_right,17,23,0.6982178092002869
0,ventricle_right,17,24,0.6916166543960571
0,ventricle_right,17,25,0.6783648133277893
0,ventricle_right,17,26,0.6682018041610718
0,ventricle_right,17,27,0.6559017896652222
0,ventricle_right,17,28,0.6453768014907837
0,ventricle_right,17,29,0.6347764730453491
0,ventricle_right,17,30,0.6274165511131287
0,ventricle_right,17,31,0.6119012236595154
0,ventricle_right,17,32,0.6080593466758728
0,ventricle_right,17,33,0.5939380526542664
0,ventricle_right,17,34,0.5821573734283447
0,ventricle_right,17,35,0.5756271481513977
0,ventricle_right,17,36,0.5653348565101624
0,ventricle_right,17,37,0.5629412531852722
0,ventricle_right,17,38,0.5549728870391846
0,ventricle_right,17,39,0.550754964351654
0,ventricle_right,17,40,0.55521160364151
0,ventricle_right,17,41,0.5571723580360413
0,ventricle_right,17,42,0.5475377440452576
0,ventricle_right,17,43,0.5475848913192749
0,ventricle_right,17,44,0.5299515724182129
0,ventricle_right,17,45,0.5274704098701477
0,ventricle_right,17,46,0.5113412737846375
0,ventricle_right,17,47,0.49944573640823364
0,ventricle_right,17,48,0.4990538954734802
0,ventricle_right,17,49,0.4904152750968933
0,ventricle_right,17,50,0.48754167556762695
0,ventricle_right,17,51,0.4793287515640259
0,ventricle_right,17,52,0.4760953485965729
0,ventricle_right,17,53,0.4685622453689575
0,ventricle_right,17,54,0.47608357667922974
0,ventricle_right,17,55,0.46520164608955383
0,ventricle_right,17,56,0.4632476270198822
0,ventricle_right,17,57,0.4506041407585144
0,ventricle_right,17,58,0.4511745572090149
0,ventricle_right,17,59,0.4456931948661804
0,ventricle_right,17,60,0.42316603660583496
0,ventricle_right,17,61,0.4313310980796814
0,ventricle_right,17,62,0.4135322868824005
0,ventricle_right,17,63,0.40041255950927734
0,ventricle_right,17,64,0.39322182536125183
0,ventricle_right,17,65,0.38723689317703247
0,ventricle_right,17,66,0.37317726016044617
0,ventricle_right,17,67,0.37291020154953003
0,ventricle_right,17,68,0.3759309947490692
0,ventricle_right,17,69,0.37804314494132996
0,ventricle_right,17,70,0.3691096305847168
0,ventricle_right,17,71,0.3674909472465515
0,ventricle_right,17,72,0.36248600482940674
0,ventricle_right,17,73,0.3440588116645813
0,ventricle_right,17,74,0.3448120355606079
0,ventricle_right,17,75,0.3508759140968323
0,ventricle_right,17,76,0.358939528465271
0,ventricle_right,17,77,0.3400382101535797
0,ventricle_right,17,78,0.35137638449668884
0,ventricle_right,17,79,0.34649181365966797
0,ventricle_right,17,80,0.3353762924671173
0,ventricle_right,17,81,0.3267379403114319
0,ventricle_right,17,82,0.3092048466205597
0,ventricle_right,17,83,0.3025652766227722
0,ventricle_right,17,84,0.3060852289199829
0,ventricle_right,17,85,0.2868479788303375
0,ventricle_right,17,86,0.2770804166793823
0,ventricle_right,17,87,0.27540460228919983
0,ventricle_right,17,88,0.27798691391944885
0,ventricle_right,17,89,0.26938745379447937
0,ventricle_right,17,90,0.246318057179451
0,ventricle_right,17,91,0.24416598677635193
0,ventricle_right,17,92,0.2526197135448456
0,ventricle_right,17,93,0.24783995747566223
0,ventricle_right,17,94,0.2458437830209732
0,ventricle_right,17,95,0.24923977255821228
0,ventricle_right,17,96,0.24939042329788208
0,ventricle_right,17,97,0.2536327540874481
0,ventricle_right,17,98,0.2346803843975067
0,ventricle_right,17,99,0.23100410401821136
0,ventricle_right,17,100,0.2335365265607834
0,ventricle_left,18,1,1.2044907808303833
0,ventricle_left,18,2,0.9772404432296753
0,ventricle_left,18,3,0.89898282289505
0,ventricle_left,18,4,0.8903510570526123
0,ventricle_left,18,5,0.8525372743606567
0,ventricle_left,18,6,0.8434312343597412
0,ventricle_left,18,7,0.8249636888504028
0,ventricle_left,18,8,0.8092198371887207
0,ventricle_left,18,9,0.8000285029411316
0,ventricle_left,18,10,0.7898088097572327
0,ventricle_left,18,11,0.7829634547233582
0,ventricle_left,18,12,0.7661353349685669
0,ventricle_left,18,13,0.7627970576286316
0,ventricle_left,18,14,0.7502549290657043
0,ventricle_left,18,15,0.7400099635124207
0,ventricle_left,18,16,0.7273882627487183
0,ventricle_left,18,17,0.7216542363166809
0,ventricle_left,18,18,0.7155974507331848
0,ventricle_left,18,19,0.7100368738174438
0,ventricle_left,18,20,0.6979122161865234
0,ventricle_left,18,21,0.6882084012031555
0,ventricle_left,18,22,0.676848828792572
0,ventricle_left,18,23,0.6670014262199402
0,ventricle_left,18,24,0.6545052528381348
0,ventricle_left,18,25,0.641219437122345
0,ventricle_left,18,26,0.6303566694259644
0,ventricle_left,18,27,0.6444876790046692
0,ventricle_left,18,28,0.6360495090484619
0,ventricle_left,18,29,0.6438810229301453
0,ventricle_left,18,30,0.6413713693618774
0,ventricle_left,18,31,0.6409810185432434
0,ventricle_left,18,32,0.6272984147071838
0,ventricle_left,18,33,0.612815260887146
0,ventricle_left,18,34,0.5988541841506958
0,ventricle_left,18,35,0.5869123935699463
0,ventricle_left,18,36,0.5821987390518188
0,ventricle_left,18,37,0.5821039080619812
0,ventricle_left,18,38,0.5637704730033875
0,ventricle_left,18,39,0.5582274794578552
0,ventricle_left,18,40,0.5510562658309937
0,ventricle_left,18,41,0.5405697226524353
0,ventricle_left,18,42,0.5269203186035156
0,ventricle_left,18,43,0.525226354598999
0,ventricle_left,18,44,0.5204068422317505
0,ventricle_left,18,45,0.516012966632843
0,ventricle_left,18,46,0.5111465454101562
0,ventricle_left,18,47,0.5065321922302246
0,ventricle_left,18,48,0.494046151638031
0,ventricle_left,18,49,0.5034329295158386
0,ventricle_left,18,50,0.49399736523628235
0,ventricle_left,18,51,0.49372172355651855
0,ventricle_left,18,52,0.48146265745162964
0,ventricle_left,18,53,0.4723336100578308
0,ventricle_left,18,54,0.45842063426971436
0,ventricle_left,18,55,0.4702051281929016
0,ventricle_left,18,56,0.4586893916130066
0,ventricle_left,18,57,0.46096137166023254
0,ventricle_left,18,58,0.45573022961616516
0,ventricle_left,18,59,0.4537634551525116
0,ventricle_left,18,60,0.4374036490917206
0,ventricle_left,18,61,0.42462506890296936
0,ventricle_left,18,62,0.41705161333084106
0,ventricle_left,18,63,0.40189868211746216
0,ventricle_left,18,64,0.3853217363357544
0,ventricle_left,18,65,0.3769887387752533
0,ventricle_left,18,66,0.37677642703056335
0,ventricle_left,18,67,0.38746023178100586
0,ventricle_left,18,68,0.3964669108390808
0,ventricle_left,18,69,0.37760624289512634
0,ventricle_left,18,70,0.36940035223960876
0,ventricle_left,18,71,0.3517504930496216
0,ventricle_left,18,72,0.340807169675827
0,ventricle_left,18,73,0.3375895917415619
0,ventricle_left,18,74,0.32884806394577026
0,ventricle_left,18,75,0.3271653354167938
0,ventricle_left,18,76,0.3190652132034302
0,ventricle_left,18,77,0.3142838776111603
0,ventricle_left,18,78,0.31914255023002625
0,ventricle_left,18,79,0.30895674228668213
0,ventricle_left,18,80,0.3041594922542572
0,ventricle_left,18,81,0.31083449721336365
0,ventricle_left,18,82,0.3086068630218506
0,ventricle_left,18,83,0.3093547821044922
0,ventricle_left,18,84,0.29701149463653564
0,ventricle_left,18,85,0.30529436469078064
0,ventricle_left,18,86,0.2907755970954895
0,ventricle_left,18,87,0.28211960196495056
0,ventricle_left,18,88,0.26284515857696533
0,ventricle_left,18,89,0.2559051215648651
0,ventricle_left,18,90,0.25372976064682007
0,ventricle_left,18,91,0.24875549972057343
0,ventricle_left,18,92,0.25370484590530396
0,ventricle_left,18,93,0.2473941445350647
0,ventricle_left,18,94,0.2452629804611206
0,ventricle_left,18,95,0.23501089215278625
0,ventricle_left,18,96,0.21681025624275208
0,ventricle_left,18,97,0.2189241349697113
0,ventricle_left,18,98,0.214095339179039
0,ventricle_left,18,99,0.22357618808746338
0,ventricle_left,18,100,0.2291644662618637
1,hippocampus_right,13,1,1.1434835195541382
1,hippocampus_right,13,2,0.999312698841095
1,hippocampus_right,13,3,0.9389633536338806
1,hippocampus_right,13,4,0.901044487953186
1,hippocampus_right,13,5,0.8771606087684631
1,hippocampus_right,13,6,0.859082818031311
1,hippocampus_right,13,7,0.8458505272865295
1,hippocampus_right,13,8,0.8253391981124878
1,hippocampus_right,13,9,0.8125671148300171
1,hippocampus_right,13,10,0.805885374546051
1,hippocampus_right,13,11,0.7985349893569946
1,hippocampus_right,13,12,0.7871657609939575
1,hippocampus_right,13,13,0.7766227126121521
1,hippocampus_right,13,14,0.768692135810852
1,hippocampus_right,13,15,0.7567145824432373
1,hippocampus_right,13,16,0.7529112696647644
1,hippocampus_right,13,17,0.7422093152999878
1,hippocampus_right,13,18,0.7358094453811646
1,hippocampus_right,13,19,0.7277237176895142
1,hippocampus_right,13,20,0.7211306691169739
1,hippocampus_right,13,21,0.7074121236801147
1,hippocampus_right,13,22,0.6948095560073853
1,hippocampus_right,13,23,0.6801215410232544
1,hippocampus_right,13,24,0.6786729693412781
1,hippocampus_right,13,25,0.6765551567077637
1,hippocampus_right,13,26,0.6768545508384705
1,hippocampus_right,13,27,0.6726305484771729
1,hippocampus_right,13,28,0.6642380952835083
1,hippocampus_right,13,29,0.6597602367401123
1,hippocampus_right,13,30,0.6543943285942078
1,hippocampus_right,13,31,0.671081006526947
1,hippocampus_right,13,32,0.6894586086273193
1,hippocampus_right,13,33,0.6803150773048401
1,hippocampus_right,13,34,0.6606267690658569
1,hippocampus_right,13,35,0.6506045460700989
1,hippocampus_right,13,36,0.6299137473106384
1,hippocampus_right,13,37,0.6135833263397217
1,hippocampus_right,13,38,0.6009356379508972
1,hippocampus_right,13,39,0.5956012606620789
1,hippocampus_right,13,40,0.585697591304779
1,hippocampus_right,13,41,0.5810703039169312
1,hippocampus_right,13,42,0.5691786408424377
1,hippocampus_right,13,43,0.5612432360649109
1,hippocampus_right,13,44,0.5532944202423096
1,hippocampus_right,13,45,0.5452305674552917
1,hippocampus_right,13,46,0.5395666360855103
1,hippocampus_right,13,47,0.5334943532943726
1,hippocampus_right,13,48,0.5351169109344482
1,hippocampus_right,13,49,0.5210102200508118
1,hippocampus_right,13,50,0.512896716594696
1,hippocampus_right,13,51,0.5177628993988037
1,hippocampus_right,13,52,0.5210850834846497
1,hippocampus_right,13,53,0.5194551348686218
1,hippocampus_right,13,54,0.5193101763725281
1,hippocampus_right,13,55,0.5055966973304749
1,hippocampus_right,13,56,0.4918252229690552
1,hippocampus_right,13,57,0.48762547969818115
1,hippocampus_right,13,58,0.489529013633728
1,hippocampus_right,13,59,0.4745485186576843
1,hippocampus_right,13,60,0.4646344482898712
1,hippocampus_right,13,61,0.45394641160964966
1,hippocampus_right,13,62,0.4466482102870941
1,hippocampus_right,13,63,0.43751460313796997
1,hippocampus_right,13,64,0.43359097838401794
1,hippocampus_right,13,65,0.4398045539855957
1,hippocampus_right,13,66,0.43888890743255615
1,hippocampus_right,13,67,0.4324844479560852
1,hippocampus_right,13,68,0.43108388781547546
1,hippocampus_right,13,69,0.41858530044555664
1,hippocampus_right,13,70,0.4238049387931824
1,hippocampus_right,13,71,0.4156218469142914
1,hippocampus_right,13,72,0.40694862604141235
1,hippocampus_right,13,73,0.40530773997306824
1,hippocampus_right,13,74,0.4151027202606201
1,hippocampus_right,13,75,0.4178895950317383
1,hippocampus_right,13,76,0.42811957001686096
1,hippocampus_right,13,77,0.41043949127197266
1,hippocampus_right,13,78,0.4276030957698822
1,hippocampus_right,13,79,0.40519359707832336
1,hippocampus_right,13,80,0.40428683161735535
1,hippocampus_right,13,81,0.3929545283317566
1,hippocampus_right,13,82,0.3943099081516266
1,hippocampus_right,13,83,0.38922879099845886
1,hippocampus_right,13,84,0.3804183900356293
1,hippocampus_right,13,85,0.36180534958839417
1,hippocampus_right,13,86,0.363038033246994
1,hippocampus_right,13,87,0.35086673498153687
1,hippocampus_right,13,88,0.3449438512325287
1,hippocampus_right,13,89,0.34800997376441956
1,hippocampus_right,13,90,0.34780353307724
1,hippocampus_right,13,91,0.33579638600349426
1,hippocampus_right,13,92,0.34141695499420166
1,hippocampus_right,13,93,0.3409935534000397
1,hippocampus_right,13,94,0.3366893529891968
1,hippocampus_right,13,95,0.3393595814704895
1,hippocampus_right,13,96,0.3503451645374298
1,hippocampus_right,13,97,0.3319799304008484
1,hippocampus_right,13,98,0.3150995969772339
1,hippocampus_right,13,99,0.320847749710083
1,hippocampus_right,13,100,0.3147943317890167
1,hippocampus_left,14,1,1.178571343421936
1,hippocampus_left,14,2,1.0391511917114258
1,hippocampus_left,14,3,0.9466546773910522
1,hippocampus_left,14,4,0.9036233425140381
1,hippocampus_left,14,5,0.8766142129898071
1,hippocampus_left,14,6,0.8528518080711365
1,hippocampus_left,14,7,0.8389967679977417
1,hippocampus_left,14,8,0.821868896484375
1,hippocampus_left,14,9,0.8173454999923706
1,hippocampus_left,14,10,0.8054728507995605
1,hippocampus_left,14,11,0.7989586591720581
1,hippocampus_left,14,12,0.7866279482841492
1,hippocampus_left,14,13,0.7753859162330627
1,hippocampus_left,14,14,0.7742186188697815
1,hippocampus_left,14,15,0.7666350603103638
1,hippocampus_left,14,16,0.7622224688529968
1,hippocampus_left,14,17,0.749999463558197
1,hippocampus_left,14,18,0.7456658482551575
1,hippocampus_left,14,19,0.7320789694786072
1,hippocampus_left,14,20,0.7265336513519287
1,hippocampus_left,14,21,0.7178894281387329
1,hippocampus_left,14,22,0.7131087183952332
1,hippocampus_left,14,23,0.7033280730247498
1,hippocampus_left,14,24,0.6948985457420349
1,hippocampus_left,14,25,0.6810972690582275
1,hippocampus_left,14,26,0.6718024611473083
1,hippocampus_left,14,27,0.6648656725883484
1,hippocampus_left,14,28,0.6570250391960144
1,hippocampus_left,14,29,0.6486456394195557
1,hippocampus_left,14,30,0.6381418108940125
1,hippocampus_left,14,31,0.6348649263381958
1,hippocampus_left,14,32,0.6247860193252563
1,hippocampus_left,14,33,0.6222012639045715
1,hippocampus_left,14,34,0.6144585013389587
1,hippocampus_left,14,35,0.6170684099197388
1,hippocampus_left,14,36,0.6226269602775574
1,hippocampus_left,14,37,0.6323699951171875
1,hippocampus_left,14,38,0.6196625828742981
1,hippocampus_left,14,39,0.6123786568641663
1,hippocampus_left,14,40,0.6050196290016174
1,hippocampus_left,14,41,0.5975590348243713
1,hippocampus_left,14,42,0.5861300230026245
1,hippocampus_left,14,43,0.5853341817855835
1,hippocampus_left,14,44,0.5692186951637268
1,hippocampus_left,14,45,0.5762782096862793
1,hippocampus_left,14,46,0.5544829964637756
1,hippocampus_left,14,47,0.5533586144447327
1,hippocampus_left,14,48,0.5547230243682861
1,hippocampus_left,14,49,0.5430903434753418
1,hippocampus_left,14,50,0.5411229133605957
1,hippocampus_left,14,51,0.5474250316619873
1,hippocampus_left,14,52,0.5284343957901001
1,hippocampus_left,14,53,0.5204850435256958
1,hippocampus_left,14,54,0.503058910369873
1,hippocampus_left,14,55,0.5112546682357788
1,hippocampus_left,14,56,0.49151375889778137
1,hippocampus_left,14,57,0.49142247438430786
1,hippocampus_left,14,58,0.5015503168106079
1,hippocampus_left,14,59,0.4977048337459564
1,hippocampus_left,14,60,0.4863760471343994
1,hippocampus_left,14,61,0.49692410230636597
1,hippocampus_left,14,62,0.4776664674282074
1,hippocampus_left,14,63,0.4730100929737091
1,hippocampus_left,14,64,0.4754045307636261
1,hippocampus_left,14,65,0.45804718136787415
1,hippocampus_left,14,66,0.44941946864128113
1,hippocampus_left,14,67,0.44001975655555725
1,hippocampus_left,14,68,0.4348457455635071
1,hippocampus_left,14,69,0.43862396478652954
1,hippocampus_left,14,70,0.44718435406684875
1,hippocampus_left,14,71,0.4443172812461853
1,hippocampus_left,14,72,0.4434041380882263
1,hippocampus_left,14,73,0.4505467414855957
1,hippocampus_left,14,74,0.4383304715156555
1,hippocampus_left,14,75,0.42285436391830444
1,hippocampus_left,14,76,0.4244934320449829
1,hippocampus_left,14,77,0.4070553183555603
1,hippocampus_left,14,78,0.42264288663864136
1,hippocampus_left,14,79,0.4127645790576935
1,hippocampus_left,14,80,0.4157128930091858
1,hippocampus_left,14,81,0.40369275212287903
1,hippocampus_left,14,82,0.38463085889816284
1,hippocampus_left,14,83,0.3871695101261139
1,hippocampus_left,14,84,0.373310923576355
1,hippocampus_left,14,85,0.38708335161209106
1,hippocampus_left,14,86,0.37545284628868103
1,hippocampus_left,14,87,0.3612106442451477
1,hippocampus_left,14,88,0.3642924726009369
1,hippocampus_left,14,89,0.36843758821487427
1,hippocampus_left,14,90,0.37815845012664795
1,hippocampus_left,14,91,0.36365213990211487
1,hippocampus_left,14,92,0.38506704568862915
1,hippocampus_left,14,93,0.38869038224220276
1,hippocampus_left,14,94,0.3839232623577118
1,hippocampus_left,14,95,0.4131305515766144
1,hippocampus_left,14,96,0.3913314938545227
1,hippocampus_left,14,97,0.38131359219551086
1,hippocampus_left,14,98,0.3637118935585022
1,hippocampus_left,14,99,0.3574915826320648
1,hippocampus_left,14,100,0.35252249240875244
1,ventricle_right,17,1,1.2121793031692505
1,ventricle_right,17,2,1.0014665126800537
1,ventricle_right,17,3,0.9058595895767212
1,ventricle_right,17,4,0.8700274229049683
1,ventricle_right,17,5,0.8554957509040833
1,ventricle_right,17,6,0.8389960527420044
1,ventricle_right,17,7,0.8274264335632324
1,ventricle_right,17,8,0.811066210269928
1,ventricle_right,17,9,0.7986754179000854
1,ventricle_right,17,10,0.7847989201545715
1,ventricle_right,17,11,0.7758648991584778
1,ventricle_right,17,12,0.7682613730430603
1,ventricle_right,17,13,0.7603340148925781
1,ventricle_right,17,14,0.755776584148407
1,ventricle_right,17,15,0.7627670168876648
1,ventricle_right,17,16,0.7597603797912598
1,ventricle_right,17,17,0.7414548397064209
1,ventricle_right,17,18,0.7276349663734436
1,ventricle_right,17,19,0.7208520174026489
1,ventricle_right,17,20,0.7098128199577332
1,ventricle_right,17,21,0.6959695219993591
1,ventricle_right,17,22,0.6818822622299194
1,ventricle_right,17,23,0.6729654669761658
1,ventricle_right,17,24,0.6628291606903076
1,ventricle_right,17,25,0.6543552279472351
1,ventricle_right,17,26,0.6480839252471924
1,ventricle_right,17,27,0.6378355622291565
1,ventricle_right,17,28,0.6419611573219299
1,ventricle_right,17,29,0.6261045336723328
1,ventricle_right,17,30,0.6145997643470764
1,ventricle_right,17,31,0.6060169339179993
1,ventricle_right,17,32,0.5974352955818176
1,ventricle_right,17,33,0.5935519337654114
1,ventricle_right,17,34,0.5886347889900208
1,ventricle_right,17,35,0.5723545551300049
1,ventricle_right,17,36,0.5745810866355896
1,ventricle_right,17,37,0.5746885538101196
1,ventricle_right,17,38,0.5599738955497742
1,ventricle_right,17,39,0.5536715388298035
1,ventricle_right,17,40,0.5525690913200378
1,ventricle_right,17,41,0.5450519323348999
1,ventricle_right,17,42,0.5359775424003601
1,ventricle_right,17,43,0.5259172916412354
1,ventricle_right,17,44,0.5251825451850891
1,ventricle_right,17,45,0.5180293321609497
1,ventricle_right,17,46,0.5038087964057922
1,ventricle_right,17,47,0.5068156719207764
1,ventricle_right,17,48,0.498370498418808
1,ventricle_right,17,49,0.48568809032440186
1,ventricle_right,17,50,0.4913952350616455
1,ventricle_right,17,51,0.4830837547779083
1,ventricle_right,17,52,0.4769670367240906
1,ventricle_right,17,53,0.47102904319763184
1,ventricle_right,17,54,0.46136119961738586
1,ventricle_right,17,55,0.4633428752422333
1,ventricle_right,17,56,0.45044180750846863
1,ventricle_right,17,57,0.4536530375480652
1,ventricle_right,17,58,0.4457288086414337
1,ventricle_right,17,59,0.4318634271621704
1,ventricle_right,17,60,0.42652979493141174
1,ventricle_right,17,61,0.4241674244403839
1,ventricle_right,17,62,0.4285021126270294
1,ventricle_right,17,63,0.4253399968147278
1,ventricle_right,17,64,0.4091339111328125
1,ventricle_right,17,65,0.40582120418548584
1,ventricle_right,17,66,0.394118070602417
1,ventricle_right,17,67,0.38697391748428345
1,ventricle_right,17,68,0.3632192611694336
1,ventricle_right,17,69,0.35589921474456787
1,ventricle_right,17,70,0.34845200181007385
1,ventricle_right,17,71,0.359427809715271
1,ventricle_right,17,72,0.3526000380516052
1,ventricle_right,17,73,0.35508444905281067
1,ventricle_right,17,74,0.35327276587486267
1,ventricle_right,17,75,0.3635158836841583
1,ventricle_right,17,76,0.358322411775589
1,ventricle_right,17,77,0.3396531045436859
1,ventricle_right,17,78,0.3317461907863617
1,ventricle_right,17,79,0.3281589150428772
1,ventricle_right,17,80,0.3108087182044983
1,ventricle_right,17,81,0.29416170716285706
1,ventricle_right,17,82,0.29079127311706543
1,ventricle_right,17,83,0.28071802854537964
1,ventricle_right,17,84,0.2843209505081177
1,ventricle_right,17,85,0.28116828203201294
1,ventricle_right,17,86,0.2883526086807251
1,ventricle_right,17,87,0.282968133687973
1,ventricle_right,17,88,0.2847681939601898
1,ventricle_right,17,89,0.2830983102321625
1,ventricle_right,17,90,0.28031623363494873
1,ventricle_right,17,91,0.2800869047641754
1,ventricle_right,17,92,0.25232213735580444
1,ventricle_right,17,93,0.25345510244369507
1,ventricle_right,17,94,0.24663278460502625
1,ventricle_right,17,95,0.23159389197826385
1,ventricle_right,17,96,0.22209160029888153
1,ventricle_right,17,97,0.22445905208587646
1,ventricle_right,17,98,0.2308281511068344
1,ventricle_right,17,99,0.24060960114002228
1,ventricle_right,17,100,0.23454229533672333
1,ventricle_left,18,1,1.1964514255523682
1,ventricle_left,18,2,0.9875922203063965
1,ventricle_left,18,3,0.9122883677482605
1,ventricle_left,18,4,0.8855952620506287
1,ventricle_left,18,5,0.861629068851471
1,ventricle_left,18,6,0.8452755808830261
1,ventricle_left,18,7,0.8321016430854797
1,ventricle_left,18,8,0.8222618103027344
1,ventricle_left,18,9,0.8067997694015503
1,ventricle_left,18,10,0.7904465198516846
1,ventricle_left,18,11,0.7811582088470459
1,ventricle_left,18,12,0.7734392881393433
1,ventricle_left,18,13,0.7613696455955505
1,ventricle_left,18,14,0.7548109292984009
1,ventricle_left,18,15,0.7580667734146118
1,ventricle_left,18,16,0.7524875998497009
1,ventricle_left,18,17,0.7403470873832703
1,ventricle_left,18,18,0.7187086939811707
1,ventricle_left,18,19,0.7117099165916443
1,ventricle_left,18,20,0.7000879645347595
1,ventricle_left,18,21,0.686845600605011
1,ventricle_left,18,22,0.6813853979110718
1,ventricle_left,18,23,0.6692550778388977
1,ventricle_left,18,24,0.6643487215042114
1,ventricle_left,18,25,0.6502929925918579
1,ventricle_left,18,26,0.6415266394615173
1,ventricle_left,18,27,0.6282843947410583
1,ventricle_left,18,28,0.6225869655609131
1,ventricle_left,18,29,0.616008996963501
1,ventricle_left,18,30,0.6132792830467224
1,ventricle_left,18,31,0.6172767281532288
1,ventricle_left,18,32,0.6167466044425964
1,ventricle_left,18,33,0.6303057074546814
1,ventricle_left,18,34,0.6139807105064392
1,ventricle_left,18,35,0.6198567152023315
1,ventricle_left,18,36,0.5973479151725769
1,ventricle_left,18,37,0.583179235458374
1,ventricle_left,18,38,0.5648226737976074
1,ventricle_left,18,39,0.5590210556983948
1,ventricle_left,18,40,0.5416536927223206
1,ventricle_left,18,41,0.530608057975769
1,ventricle_left,18,42,0.5260547399520874
1,ventricle_left,18,43,0.5153505802154541
1,ventricle_left,18,44,0.5085976719856262
1,ventricle_left,18,45,0.5042552351951599
1,ventricle_left,18,46,0.5015374422073364
1,ventricle_left,18,47,0.4992518126964569
1,ventricle_left,18,48,0.49551519751548767
1,ventricle_left,18,49,0.5011876821517944
1,ventricle_left,18,50,0.500924289226532
1,ventricle_left,18,51,0.48988062143325806
1,ventricle_left,18,52,0.4799247682094574
1,ventricle_left,18,53,0.48699402809143066
1,ventricle_left,18,54,0.46812787652015686
1,ventricle_left,18,55,0.46352052688598633
1,ventricle_left,18,56,0.4501562714576721
1,ventricle_left,18,57,0.43889132142066956
1,ventricle_left,18,58,0.4298723340034485
1,ventricle_left,18,59,0.4163612425327301
1,ventricle_left,18,60,0.4168091416358948
1,ventricle_left,18,61,0.41109153628349304
1,ventricle_left,18,62,0.41501954197883606
1,ventricle_left,18,63,0.41010749340057373
1,ventricle_left,18,64,0.40752649307250977
1,ventricle_left,18,65,0.397291898727417
1,ventricle_left,18,66,0.38654568791389465
1,ventricle_left,18,67,0.3836064338684082
1,ventricle_left,18,68,0.37452733516693115
1,ventricle_left,18,69,0.37358972430229187
1,ventricle_left,18,70,0.3578248620033264
1,ventricle_left,18,71,0.3502991795539856
1,ventricle_left,18,72,0.34371957182884216
1,ventricle_left,18,73,0.3371227979660034
1,ventricle_left,18,74,0.32732969522476196
1,ventricle_left,18,75,0.3172505497932434
1,ventricle_left,18,76,0.3268795907497406
1,ventricle_left,18,77,0.32362425327301025
1,ventricle_left,18,78,0.31305673718452454
1,ventricle_left,18,79,0.29898419976234436
1,ventricle_left,18,80,0.2945265471935272
1,ventricle_left,18,81,0.2888503968715668
1,ventricle_left,18,82,0.302035391330719
1,ventricle_left,18,83,0.29710763692855835
1,ventricle_left,18,84,0.3004920184612274
1,ventricle_left,18,85,0.29343757033348083
1,ventricle_left,18,86,0.279257208108902
1,ventricle_left,18,87,0.27660736441612244
1,ventricle_left,18,88,0.25502538681030273
1,ventricle_left,18,89,0.2567426860332489
1,ventricle_left,18,90,0.24058254063129425
1,ventricle_left,18,91,0.23194953799247742
1,ventricle_left,18,92,0.23276394605636597
1,ventricle_left,18,93,0.22900520265102386
1,ventricle_left,18,94,0.21611285209655762
1,ventricle_left,18,95,0.21897932887077332
1,ventricle_left,18,96,0.22816821932792664
1,ventricle_left,18,97,0.2501688003540039
1,ventricle_left,18,98,0.22907130420207977
1,ventricle_left,18,99,0.27347618341445923
1,ventricle_left,18,100,0.24288414418697357
2,hippocampus_right,13,1,1.1496766805648804
2,hippocampus_right,13,2,0.9900173544883728
2,hippocampus_right,13,3,0.9312053322792053
2,hippocampus_right,13,4,0.8969406485557556
2,hippocampus_right,13,5,0.8841405510902405
2,hippocampus_right,13,6,0.8700389266014099
2,hippocampus_right,13,7,0.8453386425971985
2,hippocampus_right,13,8,0.8317026495933533
2,hippocampus_right,13,9,0.81914222240448
2,hippocampus_right,13,10,0.8050879240036011
2,hippocampus_right,13,11,0.7918417453765869
2,hippocampus_right,13,12,0.7783258557319641
2,hippocampus_right,13,13,0.7707669138908386
2,hippocampus_right,13,14,0.7645875215530396
2,hippocampus_right,13,15,0.758570671081543
2,hippocampus_right,13,16,0.7486374974250793
2,hippocampus_right,13,17,0.750882625579834
2,hippocampus_right,13,18,0.7372952699661255
2,hippocampus_right,13,19,0.7274172902107239
2,hippocampus_right,13,20,0.7181631326675415
2,hippocampus_right,13,21,0.7093477249145508
2,hippocampus_right,13,22,0.7004380822181702
2,hippocampus_right,13,23,0.6895034909248352
2,hippocampus_right,13,24,0.6798432469367981
2,hippocampus_right,13,25,0.6914145946502686
2,hippocampus_right,13,26,0.6888067722320557
2,hippocampus_right,13,27,0.6830618381500244
2,hippocampus_right,13,28,0.6745097637176514
2,hippocampus_right,13,29,0.676943302154541
2,hippocampus_right,13,30,0.6659473180770874
2,hippocampus_right,13,31,0.6613091826438904
2,hippocampus_right,13,32,0.6442864537239075
2,hippocampus_right,13,33,0.6349624395370483
2,hippocampus_right,13,34,0.6393488049507141
2,hippocampus_right,13,35,0.6241581439971924
2,hippocampus_right,13,36,0.6146973967552185
2,hippocampus_right,13,37,0.6044602394104004
2,hippocampus_right,13,38,0.5909194350242615
2,hippocampus_right,13,39,0.5862090587615967
2,hippocampus_right,13,40,0.5834605693817139
2,hippocampus_right,13,41,0.5748833417892456
2,hippocampus_right,13,42,0.5688149333000183
2,hippocampus_right,13,43,0.5639028549194336
2,hippocampus_right,13,44,0.5641914010047913
2,hippocampus_right,13,45,0.5574772357940674
2,hippocampus_right,13,46,0.550853431224823
2,hippocampus_right,13,47,0.5430528521537781
2,hippocampus_right,13,48,0.5467820763587952
2,hippocampus_right,13,49,0.5384693145751953
2,hippocampus_right,13,50,0.5448988080024719
2,hippocampus_right,13,51,0.5377835035324097
2,hippocampus_right,13,52,0.5358725786209106
2,hippocampus_right,13,53,0.5318671464920044
2,hippocampus_right,13,54,0.5234936475753784
2,hippocampus_right,13,55,0.5216707587242126
2,hippocampus_right,13,56,0.5112078785896301
2,hippocampus_right,13,57,0.4921019673347473
2,hippocampus_right,13,58,0.4814026951789856
2,hippocampus_right,13,59,0.4809180498123169
2,hippocampus_right,13,60,0.47744905948638916
2,hippocampus_right,13,61,0.4599234163761139
2,hippocampus_right,13,62,0.4551326334476471
2,hippocampus_right,13,63,0.44308504462242126
2,hippocampus_right,13,64,0.43795326352119446
2,hippocampus_right,13,65,0.4402461349964142
2,hippocampus_right,13,66,0.4426439702510834
2,hippocampus_right,13,67,0.4313432276248932
2,hippocampus_right,13,68,0.43503502011299133
2,hippocampus_right,13,69,0.43098145723342896
2,hippocampus_right,13,70,0.43402451276779175
2,hippocampus_right,13,71,0.4179752767086029
2,hippocampus_right,13,72,0.4163888096809387
2,hippocampus_right,13,73,0.4097912311553955
2,hippocampus_right,13,74,0.40856310725212097
2,hippocampus_right,13,75,0.4113207459449768
2,hippocampus_right,13,76,0.4038684666156769
2,hippocampus_right,13,77,0.4239561855792999
2,hippocampus_right,13,78,0.4072475731372833
2,hippocampus_right,13,79,0.4304468333721161
2,hippocampus_right,13,80,0.4126987159252167
2,hippocampus_right,13,81,0.40488889813423157
2,hippocampus_right,13,82,0.4036013185977936
2,hippocampus_right,13,83,0.38768014311790466
2,hippocampus_right,13,84,0.3758297264575958
2,hippocampus_right,13,85,0.3731953501701355
2,hippocampus_right,13,86,0.3694700002670288
2,hippocampus_right,13,87,0.3680998682975769
2,hippocampus_right,13,88,0.3619573414325714
2,hippocampus_right,13,89,0.36521774530410767
2,hippocampus_right,13,90,0.34692317247390747
2,hippocampus_right,13,91,0.34878048300743103
2,hippocampus_right,13,92,0.3737868666648865
2,hippocampus_right,13,93,0.3493473529815674
2,hippocampus_right,13,94,0.34869688749313354
2,hippocampus_right,13,95,0.3572455942630768
2,hippocampus_right,13,96,0.35583457350730896
2,hippocampus_right,13,97,0.33150768280029297
2,hippocampus_right,13,98,0.3418906331062317
2,hippocampus_right,13,99,0.3595050871372223
2,hippocampus_right,13,100,0.365578293800354
2,hippocampus_left,14,1,1.241215467453003
2,hippocampus_left,14,2,0.9918169379234314
2,hippocampus_left,14,3,0.9428375959396362
2,hippocampus_left,14,4,0.9435991644859314
2,hippocampus_left,14,5,0.8962904214859009
2,hippocampus_left,14,6,0.886846661567688
2,hippocampus_left,14,7,0.8707906603813171
2,hippocampus_left,14,8,0.8509746193885803
2,hippocampus_left,14,9,0.8379271626472473
2,hippocampus_left,14,10,0.8271642923355103
2,hippocampus_left,14,11,0.8223822116851807
2,hippocampus_left,14,12,0.8050462603569031
2,hippocampus_left,14,13,0.7964791059494019
2,hippocampus_left,14,14,0.7844297289848328
2,hippocampus_left,14,15,0.7756528258323669
2,hippocampus_left,14,16,0.7648179531097412
2,hippocampus_left,14,17,0.7601723074913025
2,hippocampus_left,14,18,0.7537082433700562
2,hippocampus_left,14,19,0.742117702960968
2,hippocampus_left,14,20,0.7328266501426697
2,hippocampus_left,14,21,0.7273522019386292
2,hippocampus_left,14,22,0.7227327227592468
2,hippocampus_left,14,23,0.7168638110160828
2,hippocampus_left,14,24,0.7127396464347839
2,hippocampus_left,14,25,0.7009541988372803
2,hippocampus_left,14,26,0.6860508322715759
2,hippocampus_left,14,27,0.6754090189933777
2,hippocampus_left,14,28,0.6673288345336914
2,hippocampus_left,14,29,0.6561574339866638
2,hippocampus_left,14,30,0.649855375289917
2,hippocampus_left,14,31,0.6372937560081482
2,hippocampus_left,14,32,0.6294359564781189
2,hippocampus_left,14,33,0.6213272213935852
2,hippocampus_left,14,34,0.6157170534133911
2,hippocampus_left,14,35,0.6118747591972351
2,hippocampus_left,14,36,0.6054534316062927
2,hippocampus_left,14,37,0.6022533774375916
2,hippocampus_left,14,38,0.6248764991760254
2,hippocampus_left,14,39,0.6167470812797546
2,hippocampus_left,14,40,0.6088216304779053
2,hippocampus_left,14,41,0.6032367944717407
2,hippocampus_left,14,42,0.5964252352714539
2,hippocampus_left,14,43,0.5801213383674622
2,hippocampus_left,14,44,0.5618607997894287
2,hippocampus_left,14,45,0.5561465620994568
2,hippocampus_left,14,46,0.5489102602005005
2,hippocampus_left,14,47,0.5365034341812134
2,hippocampus_left,14,48,0.5374765992164612
2,hippocampus_left,14,49,0.5204806327819824
2,hippocampus_left,14,50,0.5281925797462463
2,hippocampus_left,14,51,0.5261225700378418
2,hippocampus_left,14,52,0.5300416350364685
2,hippocampus_left,14,53,0.5252423882484436
2,hippocampus_left,14,54,0.5370997190475464
2,hippocampus_left,14,55,0.5369081497192383
2,hippocampus_left,14,56,0.5256815552711487
2,hippocampus_left,14,57,0.5174728035926819
2,hippocampus_left,14,58,0.5253508687019348
2,hippocampus_left,14,59,0.50822514295578
2,hippocampus_left,14,60,0.505101203918457
2,hippocampus_left,14,61,0.48313185572624207
2,hippocampus_left,14,62,0.4818871319293976
2,hippocampus_left,14,63,0.47795143723487854
2,hippocampus_left,14,64,0.46824467182159424
2,hippocampus_left,14,65,0.46544936299324036
2,hippocampus_left,14,66,0.45397835969924927
2,hippocampus_left,14,67,0.45511510968208313
2,hippocampus_left,14,68,0.4484027624130249
2,hippocampus_left,14,69,0.4480150640010834
2,hippocampus_left,14,70,0.44194188714027405
2,hippocampus_left,14,71,0.4471452534198761
2,hippocampus_left,14,72,0.4398728311061859
2,hippocampus_left,14,73,0.42023637890815735
2,hippocampus_left,14,74,0.4168575406074524
2,hippocampus_left,14,75,0.4065954089164734
2,hippocampus_left,14,76,0.3898893892765045
2,hippocampus_left,14,77,0.3947787880897522
2,hippocampus_left,14,78,0.3819323480129242
2,hippocampus_left,14,79,0.38379979133605957
2,hippocampus_left,14,80,0.386577844619751
2,hippocampus_left,14,81,0.3953227996826172
2,hippocampus_left,14,82,0.4198698103427887
2,hippocampus_left,14,83,0.4402146339416504
2,hippocampus_left,14,84,0.4424668848514557
2,hippocampus_left,14,85,0.4455909729003906
2,hippocampus_left,14,86,0.42484092712402344
2,hippocampus_left,14,87,0.3962480127811432
2,hippocampus_left,14,88,0.39968618750572205
2,hippocampus_left,14,89,0.38611239194869995
2,hippocampus_left,14,90,0.37641090154647827
2,hippocampus_left,14,91,0.3774964511394501
2,hippocampus_left,14,92,0.3747574985027313
2,hippocampus_left,14,93,0.36857959628105164
2,hippocampus_left,14,94,0.3593471944332123
2,hippocampus_left,14,95,0.365806519985199
2,hippocampus_left,14,96,0.36559635400772095
2,hippocampus_left,14,97,0.3895450532436371
2,hippocampus_left,14,98,0.3673784136772156
2,hippocampus_left,14,99,0.34631890058517456
2,hippocampus_left,14,100,0.3487609922885895
2,ventricle_right,17,1,1.3821821212768555
2,ventricle_right,17,2,1.0260670185089111
2,ventricle_right,17,3,0.9643806219100952
2,ventricle_right,17,4,0.9302499294281006
2,ventricle_right,17,5,0.9067071080207825
2,ventricle_right,17,6,0.883233904838562
2,ventricle_right,17,7,0.8670380711555481
2,ventricle_right,17,8,0.8442128896713257
2,ventricle_right,17,9,0.8332177400588989
2,ventricle_right,17,10,0.8219171762466431
2,ventricle_right,17,11,0.8136031031608582
2,ventricle_right,17,12,0.8032031655311584
2,ventricle_right,17,13,0.791716456413269
2,ventricle_right,17,14,0.7806655168533325
2,ventricle_right,17,15,0.7729926109313965
2,ventricle_right,17,16,0.7700678110122681
2,ventricle_right,17,17,0.7747611403465271
2,ventricle_right,17,18,0.7602915167808533
2,ventricle_right,17,19,0.745242714881897
2,ventricle_right,17,20,0.7371413111686707
2,ventricle_right,17,21,0.7294303774833679
2,ventricle_right,17,22,0.7152919173240662
2,ventricle_right,17,23,0.7037995457649231
2,ventricle_right,17,24,0.6971431374549866
2,ventricle_right,17,25,0.6836848258972168
2,ventricle_right,17,26,0.6824687123298645
2,ventricle_right,17,27,0.6810588836669922
2,ventricle_right,17,28,0.6689581274986267
2,ventricle_right,17,29,0.6563683748245239
2,ventricle_right,17,30,0.6428078413009644
2,ventricle_right,17,31,0.6319957375526428
2,ventricle_right,17,32,0.621940553188324
2,ventricle_right,17,33,0.6105527877807617
2,ventricle_right,17,34,0.6018688678741455
2,ventricle_right,17,35,0.5872747898101807
2,ventricle_right,17,36,0.5868477821350098
2,ventricle_right,17,37,0.5779058337211609
2,ventricle_right,17,38,0.5644007325172424
2,ventricle_right,17,39,0.563022255897522
2,ventricle_right,17,40,0.5715687870979309
2,ventricle_right,17,41,0.544074535369873
2,ventricle_right,17,42,0.5351478457450867
2,ventricle_right,17,43,0.5368097424507141
2,ventricle_right,17,44,0.5213035345077515
2,ventricle_right,17,45,0.5088773369789124
2,ventricle_right,17,46,0.5068814754486084
2,ventricle_right,17,47,0.4924193024635315
2,ventricle_right,17,48,0.4767267107963562
2,ventricle_right,17,49,0.47864481806755066
2,ventricle_right,17,50,0.47184136509895325
2,ventricle_right,17,51,0.4705279469490051
2,ventricle_right,17,52,0.4623905420303345
2,ventricle_right,17,53,0.46005383133888245
2,ventricle_right,17,54,0.45327872037887573
2,ventricle_right,17,55,0.4419974088668823
2,ventricle_right,17,56,0.43285617232322693
2,ventricle_right,17,57,0.4349616765975952
2,ventricle_right,17,58,0.4286746382713318
2,ventricle_right,17,59,0.4291846752166748
2,ventricle_right,17,60,0.43002134561538696
2,ventricle_right,17,61,0.4299032688140869
2,ventricle_right,17,62,0.4165637195110321
2,ventricle_right,17,63,0.42168331146240234
2,ventricle_right,17,64,0.40688958764076233
2,ventricle_right,17,65,0.3962976634502411
2,ventricle_right,17,66,0.37926656007766724
2,ventricle_right,17,67,0.37312981486320496
2,ventricle_right,17,68,0.3606213927268982
2,ventricle_right,17,69,0.361014723777771
2,ventricle_right,17,70,0.3501090407371521
2,ventricle_right,17,71,0.35164904594421387
2,ventricle_right,17,72,0.3567231595516205
2,ventricle_right,17,73,0.3589650094509125
2,ventricle_right,17,74,0.35954806208610535
2,ventricle_right,17,75,0.35115087032318115
2,ventricle_right,17,76,0.3408268988132477
2,ventricle_right,17,77,0.33483660221099854
2,ventricle_right,17,78,0.3194589912891388
2,ventricle_right,17,79,0.30181875824928284
2,ventricle_right,17,80,0.3026731312274933
2,ventricle_right,17,81,0.30124157667160034
2,ventricle_right,17,82,0.2879316210746765
2,ventricle_right,17,83,0.29179248213768005
2,ventricle_right,17,84,0.284941703081131
2,ventricle_right,17,85,0.2750875949859619
2,ventricle_right,17,86,0.2760174572467804
2,ventricle_right,17,87,0.26978641748428345
2,ventricle_right,17,88,0.26537442207336426
2,ventricle_right,17,89,0.2748459577560425
2,ventricle_right,17,90,0.2878841161727905
2,ventricle_right,17,91,0.2723807692527771
2,ventricle_right,17,92,0.27881622314453125
2,ventricle_right,17,93,0.26897695660591125
2,ventricle_right,17,94,0.25511303544044495
2,ventricle_right,17,95,0.24486607313156128
2,ventricle_right,17,96,0.23132380843162537
2,ventricle_right,17,97,0.22643880546092987
2,ventricle_right,17,98,0.22228476405143738
2,ventricle_right,17,99,0.21633762121200562
2,ventricle_right,17,100,0.22435066103935242
2,ventricle_left,18,1,1.1978567838668823
2,ventricle_left,18,2,0.9690046310424805
2,ventricle_left,18,3,0.9112231135368347
2,ventricle_left,18,4,0.8608608245849609
2,ventricle_left,18,5,0.8443470597267151
2,ventricle_left,18,6,0.8284909129142761
2,ventricle_left,18,7,0.821788489818573
2,ventricle_left,18,8,0.8097432851791382
2,ventricle_left,18,9,0.7950920462608337
2,ventricle_left,18,10,0.7908315062522888
2,ventricle_left,18,11,0.7850720882415771
2,ventricle_left,18,12,0.7701777815818787
2,ventricle_left,18,13,0.7604094743728638
2,ventricle_left,18,14,0.7473422288894653
2,ventricle_left,18,15,0.7387791872024536
2,ventricle_left,18,16,0.7249617576599121
2,ventricle_left,18,17,0.7131859660148621
2,ventricle_left,18,18,0.710332989692688
2,ventricle_left,18,19,0.7227847576141357
2,ventricle_left,18,20,0.6962500214576721
2,ventricle_left,18,21,0.6927762627601624
2,ventricle_left,18,22,0.6877578496932983
2,ventricle_left,18,23,0.6765546798706055
2,ventricle_left,18,24,0.6587855219841003
2,ventricle_left,18,25,0.6479247808456421
2,ventricle_left,18,26,0.6390756964683533
2,ventricle_left,18,27,0.6438493728637695
2,ventricle_left,18,28,0.6305151581764221
2,ventricle_left,18,29,0.629796028137207
2,ventricle_left,18,30,0.6242655515670776
2,ventricle_left,18,31,0.6136810183525085
2,ventricle_left,18,32,0.6058886647224426
2,ventricle_left,18,33,0.5992918014526367
2,ventricle_left,18,34,0.5980966687202454
2,ventricle_left,18,35,0.5758075714111328
2,ventricle_left,18,36,0.5747649669647217
2,ventricle_left,18,37,0.5786264538764954
2,ventricle_left,18,38,0.5686821937561035
2,ventricle_left,18,39,0.5511105060577393
2,ventricle_left,18,40,0.5455812811851501
2,ventricle_left,18,41,0.5295509696006775
2,ventricle_left,18,42,0.5346362590789795
2,ventricle_left,18,43,0.5176728367805481
2,ventricle_left,18,44,0.5228381156921387
2,ventricle_left,18,45,0.5123672485351562
2,ventricle_left,18,46,0.5115225911140442
2,ventricle_left,18,47,0.5068633556365967
2,ventricle_left,18,48,0.5017008185386658
2,ventricle_left,18,49,0.4894011616706848
2,ventricle_left,18,50,0.49122777581214905
2,ventricle_left,18,51,0.4836927354335785
2,ventricle_left,18,52,0.4812999665737152
2,ventricle_left,18,53,0.46961382031440735
2,ventricle_left,18,54,0.4662688672542572
2,ventricle_left,18,55,0.45314428210258484
2,ventricle_left,18,56,0.45202401280403137
2,ventricle_left,18,57,0.4462830126285553
2,ventricle_left,18,58,0.43428370356559753
2,ventricle_left,18,59,0.427489310503006
2,ventricle_left,18,60,0.4233923852443695
2,ventricle_left,18,61,0.418892502784729
2,ventricle_left,18,62,0.4081677496433258
2,ventricle_left,18,63,0.4037726819515228
2,ventricle_left,18,64,0.3941662907600403
2,ventricle_left,18,65,0.39577966928482056
2,ventricle_left,18,66,0.3842906057834625
2,ventricle_left,18,67,0.38995930552482605
2,ventricle_left,18,68,0.38959023356437683
2,ventricle_left,18,69,0.3753340244293213
2,ventricle_left,18,70,0.3678664267063141
2,ventricle_left,18,71,0.3737999498844147
2,ventricle_left,18,72,0.35590052604675293
2,ventricle_left,18,73,0.3452129065990448
2,ventricle_left,18,74,0.34084099531173706
2,ventricle_left,18,75,0.3405844271183014
2,ventricle_left,18,76,0.33849889039993286
2,ventricle_left,18,77,0.3395138382911682
2,ventricle_left,18,78,0.3509574234485626
2,ventricle_left,18,79,0.36406227946281433
2,ventricle_left,18,80,0.35985976457595825
2,ventricle_left,18,81,0.34295347332954407
2,ventricle_left,18,82,0.33607161045074463
2,ventricle_left,18,83,0.3133361041545868
2,ventricle_left,18,84,0.3034099042415619
2,ventricle_left,18,85,0.3042316138744354
2,ventricle_left,18,86,0.303050696849823
2,ventricle_left,18,87,0.2921766936779022
2,ventricle_left,18,88,0.2792195677757263
2,ventricle_left,18,89,0.2621738314628601
2,ventricle_left,18,90,0.25904884934425354
2,ventricle_left,18,91,0.25912463665008545
2,ventricle_left,18,92,0.2569660246372223
2,ventricle_left,18,93,0.2435808777809143
2,ventricle_left,18,94,0.24287189543247223
2,ventricle_left,18,95,0.24672608077526093
2,ventricle_left,18,96,0.26955077052116394
2,ventricle_left,18,97,0.2803613245487213
2,ventricle_left,18,98,0.2555335462093353
2,ventricle_left,18,99,0.23913636803627014
2,ventricle_left,18,100,0.2397080808877945
3,hippocampus_right,13,1,1.1398439407348633
3,hippocampus_right,13,2,0.969140887260437
3,hippocampus_right,13,3,0.91715008020401
3,hippocampus_right,13,4,0.8890010714530945
3,hippocampus_right,13,5,0.8799250721931458
3,hippocampus_right,13,6,0.8542323112487793
3,hippocampus_right,13,7,0.8394663333892822
3,hippocampus_right,13,8,0.8290655016899109
3,hippocampus_right,13,9,0.81453537940979
3,hippocampus_right,13,10,0.7994887828826904
3,hippocampus_right,13,11,0.7847400903701782
3,hippocampus_right,13,12,0.7744841575622559
3,hippocampus_right,13,13,0.7619628310203552
3,hippocampus_right,13,14,0.7539958357810974
3,hippocampus_right,13,15,0.7482448816299438
3,hippocampus_right,13,16,0.7373048067092896
3,hippocampus_right,13,17,0.7278432846069336
3,hippocampus_right,13,18,0.7172545194625854
3,hippocampus_right,13,19,0.7129578590393066
3,hippocampus_right,13,20,0.7031179666519165
3,hippocampus_right,13,21,0.7036136388778687
3,hippocampus_right,13,22,0.7126343846321106
3,hippocampus_right,13,23,0.7081723809242249
3,hippocampus_right,13,24,0.6982476711273193
3,hippocampus_right,13,25,0.7042121887207031
3,hippocampus_right,13,26,0.6840769648551941
3,hippocampus_right,13,27,0.6687411069869995
3,hippocampus_right,13,28,0.6600355505943298
3,hippocampus_right,13,29,0.6543776392936707
3,hippocampus_right,13,30,0.6464163661003113
3,hippocampus_right,13,31,0.6330932974815369
3,hippocampus_right,13,32,0.6308990716934204
3,hippocampus_right,13,33,0.6224336624145508
3,hippocampus_right,13,34,0.6094955801963806
3,hippocampus_right,13,35,0.6051167249679565
3,hippocampus_right,13,36,0.6004310250282288
3,hippocampus_right,13,37,0.5900734663009644
3,hippocampus_right,13,38,0.5821617841720581
3,hippocampus_right,13,39,0.5742591023445129
3,hippocampus_right,13,40,0.569983959197998
3,hippocampus_right,13,41,0.5631915330886841
3,hippocampus_right,13,42,0.5590948462486267
3,hippocampus_right,13,43,0.5662615299224854
3,hippocampus_right,13,44,0.5826044082641602
3,hippocampus_right,13,45,0.5668551325798035
3,hippocampus_right,13,46,0.5725003480911255
3,hippocampus_right,13,47,0.5556690096855164
3,hippocampus_right,13,48,0.5498342514038086
3,hippocampus_right,13,49,0.5303393006324768
3,hippocampus_right,13,50,0.5225560665130615
3,hippocampus_right,13,51,0.5131714344024658
3,hippocampus_right,13,52,0.5051922798156738
3,hippocampus_right,13,53,0.497663289308548
3,hippocampus_right,13,54,0.4917890131473541
3,hippocampus_right,13,55,0.49123716354370117
3,hippocampus_right,13,56,0.489452064037323
3,hippocampus_right,13,57,0.4751642644405365
3,hippocampus_right,13,58,0.46240684390068054
3,hippocampus_right,13,59,0.4674866497516632
3,hippocampus_right,13,60,0.46173563599586487
3,hippocampus_right,13,61,0.482245534658432
3,hippocampus_right,13,62,0.4699261784553528
3,hippocampus_right,13,63,0.4975144565105438
3,hippocampus_right,13,64,0.4860793352127075
3,hippocampus_right,13,65,0.5219022631645203
3,hippocampus_right,13,66,0.4974319040775299
3,hippocampus_right,13,67,0.4601941406726837
3,hippocampus_right,13,68,0.46078744530677795
3,hippocampus_right,13,69,0.44474542140960693
3,hippocampus_right,13,70,0.4438520073890686
3,hippocampus_right,13,71,0.4285751283168793
3,hippocampus_right,13,72,0.4197297692298889
3,hippocampus_right,13,73,0.4091573655605316
3,hippocampus_right,13,74,0.3996978998184204
3,hippocampus_right,13,75,0.41082704067230225
3,hippocampus_right,13,76,0.3971700966358185
3,hippocampus_right,13,77,0.39019668102264404
3,hippocampus_right,13,78,0.39254486560821533
3,hippocampus_right,13,79,0.38775861263275146
3,hippocampus_right,13,80,0.38729214668273926
3,hippocampus_right,13,81,0.3970080614089966
3,hippocampus_right,13,82,0.39193859696388245
3,hippocampus_right,13,83,0.39651280641555786
3,hippocampus_right,13,84,0.4022004008293152
3,hippocampus_right,13,85,0.3857991099357605
3,hippocampus_right,13,86,0.38346195220947266
3,hippocampus_right,13,87,0.3959871828556061
3,hippocampus_right,13,88,0.3808126747608185
3,hippocampus_right,13,89,0.3563559055328369
3,hippocampus_right,13,90,0.35025104880332947
3,hippocampus_right,13,91,0.3475799262523651
3,hippocampus_right,13,92,0.3602956235408783
3,hippocampus_right,13,93,0.3435395359992981
3,hippocampus_right,13,94,0.3437082767486572
3,hippocampus_right,13,95,0.3448825180530548
3,hippocampus_right,13,96,0.35016995668411255
3,hippocampus_right,13,97,0.36100316047668457
3,hippocampus_right,13,98,0.3475281894207001
3,hippocampus_right,13,99,0.357037752866745
3,hippocampus_right,13,100,0.3772580325603485
3,hippocampus_left,14,1,1.147219181060791
3,hippocampus_left,14,2,1.0224277973175049
3,hippocampus_left,14,3,0.9442055225372314
3,hippocampus_left,14,4,0.9042430520057678
3,hippocampus_left,14,5,0.8781796097755432
3,hippocampus_left,14,6,0.8597047924995422
3,hippocampus_left,14,7,0.8411644101142883
3,hippocampus_left,14,8,0.8291881084442139
3,hippocampus_left,14,9,0.8134651184082031
3,hippocampus_left,14,10,0.8019118905067444
3,hippocampus_left,14,11,0.7952690124511719
3,hippocampus_left,14,12,0.7851758599281311
3,hippocampus_left,14,13,0.7760273814201355
3,hippocampus_left,14,14,0.7703223824501038
3,hippocampus_left,14,15,0.778503954410553
3,hippocampus_left,14,16,0.7647185325622559
3,hippocampus_left,14,17,0.7609138488769531
3,hippocampus_left,14,18,0.7440003156661987
3,hippocampus_left,14,19,0.730224609375
3,hippocampus_left,14,20,0.7182913422584534
3,hippocampus_left,14,21,0.7070130109786987
3,hippocampus_left,14,22,0.7038752436637878
3,hippocampus_left,14,23,0.6923954486846924
3,hippocampus_left,14,24,0.6857088804244995
3,hippocampus_left,14,25,0.6687340140342712
3,hippocampus_left,14,26,0.6662753820419312
3,hippocampus_left,14,27,0.6539130806922913
3,hippocampus_left,14,28,0.6560201048851013
3,hippocampus_left,14,29,0.6509653329849243
3,hippocampus_left,14,30,0.6522888541221619
3,hippocampus_left,14,31,0.6596040725708008
3,hippocampus_left,14,32,0.6602569818496704
3,hippocampus_left,14,33,0.6496772766113281
3,hippocampus_left,14,34,0.6518514156341553
3,hippocampus_left,14,35,0.6441755294799805
3,hippocampus_left,14,36,0.6258934140205383
3,hippocampus_left,14,37,0.6078009605407715
3,hippocampus_left,14,38,0.6095709800720215
3,hippocampus_left,14,39,0.6017241477966309
3,hippocampus_left,14,40,0.5928316116333008
3,hippocampus_left,14,41,0.5841615796089172
3,hippocampus_left,14,42,0.5759674906730652
3,hippocampus_left,14,43,0.569257915019989
3,hippocampus_left,14,44,0.5549963116645813
3,hippocampus_left,14,45,0.547150194644928
3,hippocampus_left,14,46,0.5452296733856201
3,hippocampus_left,14,47,0.5408993363380432
3,hippocampus_left,14,48,0.53485107421875
3,hippocampus_left,14,49,0.5304270386695862
3,hippocampus_left,14,50,0.5280559659004211
3,hippocampus_left,14,51,0.5192915201187134
3,hippocampus_left,14,52,0.5211257338523865
3,hippocampus_left,14,53,0.5189353823661804
3,hippocampus_left,14,54,0.5127875804901123
3,hippocampus_left,14,55,0.5127965807914734
3,hippocampus_left,14,56,0.5099380612373352
3,hippocampus_left,14,57,0.4919477701187134
3,hippocampus_left,14,58,0.48909991979599
3,hippocampus_left,14,59,0.4884905219078064
3,hippocampus_left,14,60,0.4843764007091522
3,hippocampus_left,14,61,0.4740406572818756
3,hippocampus_left,14,62,0.4742259979248047
3,hippocampus_left,14,63,0.4637323021888733
3,hippocampus_left,14,64,0.453191876411438
3,hippocampus_left,14,65,0.46515193581581116
3,hippocampus_left,14,66,0.44676706194877625
3,hippocampus_left,14,67,0.4506688416004181
3,hippocampus_left,14,68,0.44171732664108276
3,hippocampus_left,14,69,0.439345121383667
3,hippocampus_left,14,70,0.4412686824798584
3,hippocampus_left,14,71,0.44409796595573425
3,hippocampus_left,14,72,0.4159315824508667
3,hippocampus_left,14,73,0.4257381856441498
3,hippocampus_left,14,74,0.4232088327407837
3,hippocampus_left,14,75,0.41753512620925903
3,hippocampus_left,14,76,0.40658146142959595
3,hippocampus_left,14,77,0.40590858459472656
3,hippocampus_left,14,78,0.4127180576324463
3,hippocampus_left,14,79,0.4016065001487732
3,hippocampus_left,14,80,0.3941288888454437
3,hippocampus_left,14,81,0.385418564081192
3,hippocampus_left,14,82,0.39198970794677734
3,hippocampus_left,14,83,0.37680232524871826
3,hippocampus_left,14,84,0.3629428744316101
3,hippocampus_left,14,85,0.36097049713134766
3,hippocampus_left,14,86,0.35420116782188416
3,hippocampus_left,14,87,0.36161282658576965
3,hippocampus_left,14,88,0.35934603214263916
3,hippocampus_left,14,89,0.3598151206970215
3,hippocampus_left,14,90,0.354083389043808
3,hippocampus_left,14,91,0.35664355754852295
3,hippocampus_left,14,92,0.3423507511615753
3,hippocampus_left,14,93,0.33736422657966614
3,hippocampus_left,14,94,0.3366090953350067
3,hippocampus_left,14,95,0.3257656693458557
3,hippocampus_left,14,96,0.3241317570209503
3,hippocampus_left,14,97,0.3222637474536896
3,hippocampus_left,14,98,0.32813727855682373
3,hippocampus_left,14,99,0.3361591100692749
3,hippocampus_left,14,100,0.3214782774448395
3,ventricle_right,17,1,1.1837972402572632
3,ventricle_right,17,2,0.9497923254966736
3,ventricle_right,17,3,0.8981835842132568
3,ventricle_right,17,4,0.8671214580535889
3,ventricle_right,17,5,0.844670295715332
3,ventricle_right,17,6,0.8258765935897827
3,ventricle_right,17,7,0.8176390528678894
3,ventricle_right,17,8,0.8012409210205078
3,ventricle_right,17,9,0.7871325612068176
3,ventricle_right,17,10,0.7902216911315918
3,ventricle_right,17,11,0.7858392000198364
3,ventricle_right,17,12,0.765697717666626
3,ventricle_right,17,13,0.7562170624732971
3,ventricle_right,17,14,0.7443546056747437
3,ventricle_right,17,15,0.7306098341941833
3,ventricle_right,17,16,0.7315019369125366
3,ventricle_right,17,17,0.7206297516822815
3,ventricle_right,17,18,0.7067010402679443
3,ventricle_right,17,19,0.7035549879074097
3,ventricle_right,17,20,0.6900413036346436
3,ventricle_right,17,21,0.6847692131996155
3,ventricle_right,17,22,0.6762775182723999
3,ventricle_right,17,23,0.6634770035743713
3,ventricle_right,17,24,0.6611340045928955
3,ventricle_right,17,25,0.658250629901886
3,ventricle_right,17,26,0.6527424454689026
3,ventricle_right,17,27,0.6513932943344116
3,ventricle_right,17,28,0.6459913849830627
3,ventricle_right,17,29,0.626318633556366
3,ventricle_right,17,30,0.6209195256233215
3,ventricle_right,17,31,0.610034704208374
3,ventricle_right,17,32,0.6013180613517761
3,ventricle_right,17,33,0.5923237800598145
3,ventricle_right,17,34,0.5813072919845581
3,ventricle_right,17,35,0.574421763420105
3,ventricle_right,17,36,0.5687005519866943
3,ventricle_right,17,37,0.5700767636299133
3,ventricle_right,17,38,0.5561999678611755
3,ventricle_right,17,39,0.5529080629348755
3,ventricle_right,17,40,0.5483332872390747
3,ventricle_right,17,41,0.5684953331947327
3,ventricle_right,17,42,0.5700625777244568
3,ventricle_right,17,43,0.5595756769180298
3,ventricle_right,17,44,0.5428869128227234
3,ventricle_right,17,45,0.524124026298523
3,ventricle_right,17,46,0.5189628005027771
3,ventricle_right,17,47,0.5113987922668457
3,ventricle_right,17,48,0.5014046430587769
3,ventricle_right,17,49,0.4892734885215759
3,ventricle_right,17,50,0.47976624965667725
3,ventricle_right,17,51,0.4619046151638031
3,ventricle_right,17,52,0.4602639675140381
3,ventricle_right,17,53,0.4518129527568817
3,ventricle_right,17,54,0.4399607181549072
3,ventricle_right,17,55,0.43728360533714294
3,ventricle_right,17,56,0.4325891435146332
3,ventricle_right,17,57,0.4328095316886902
3,ventricle_right,17,58,0.4411429166793823
3,ventricle_right,17,59,0.43335196375846863
3,ventricle_right,17,60,0.4392335116863251
3,ventricle_right,17,61,0.42246222496032715
3,ventricle_right,17,62,0.4224228262901306
3,ventricle_right,17,63,0.40951457619667053
3,ventricle_right,17,64,0.40182673931121826
3,ventricle_right,17,65,0.38861554861068726
3,ventricle_right,17,66,0.38630372285842896
3,ventricle_right,17,67,0.3919777572154999
3,ventricle_right,17,68,0.3977915346622467
3,ventricle_right,17,69,0.3775584399700165
3,ventricle_right,17,70,0.370606005191803
3,ventricle_right,17,71,0.36423495411872864
3,ventricle_right,17,72,0.34780481457710266
3,ventricle_right,17,73,0.33469995856285095
3,ventricle_right,17,74,0.33272209763526917
3,ventricle_right,17,75,0.3292095959186554
3,ventricle_right,17,76,0.329010009765625
3,ventricle_right,17,77,0.34114009141921997
3,ventricle_right,17,78,0.3310752809047699
3,ventricle_right,17,79,0.3323303759098053
3,ventricle_right,17,80,0.33066144585609436
3,ventricle_right,17,81,0.3368195593357086
3,ventricle_right,17,82,0.3241249620914459
3,ventricle_right,17,83,0.3094059228897095
3,ventricle_right,17,84,0.2912178337574005
3,ventricle_right,17,85,0.2963014543056488
3,ventricle_right,17,86,0.28185632824897766
3,ventricle_right,17,87,0.27535393834114075
3,ventricle_right,17,88,0.27516138553619385
3,ventricle_right,17,89,0.28345295786857605
3,ventricle_right,17,90,0.2855874001979828
3,ventricle_right,17,91,0.29759445786476135
3,ventricle_right,17,92,0.28909844160079956
3,ventricle_right,17,93,0.2798013687133789
3,ventricle_right,17,94,0.2626150846481323
3,ventricle_right,17,95,0.2508664131164551
3,ventricle_right,17,96,0.24766629934310913
3,ventricle_right,17,97,0.25005868077278137
3,ventricle_right,17,98,0.24148790538311005
3,ventricle_right,17,99,0.24676278233528137
3,ventricle_right,17,100,0.24817752838134766
3,ventricle_left,18,1,1.2173712253570557
3,ventricle_left,18,2,0.9458054900169373
3,ventricle_left,18,3,0.8975256681442261
3,ventricle_left,18,4,0.8737702965736389
3,ventricle_left,18,5,0.855984628200531
3,ventricle_left,18,6,0.8396605849266052
3,ventricle_left,18,7,0.8241708874702454
3,ventricle_left,18,8,0.8095705509185791
3,ventricle_left,18,9,0.7994248867034912
3,ventricle_left,18,10,0.7888548374176025
3,ventricle_left,18,11,0.7775740623474121
3,ventricle_left,18,12,0.7672844529151917
3,ventricle_left,18,13,0.7543302774429321
3,ventricle_left,18,14,0.7457086443901062
3,ventricle_left,18,15,0.7463333010673523
3,ventricle_left,18,16,0.7316263318061829
3,ventricle_left,18,17,0.7189133167266846
3,ventricle_left,18,18,0.7079283595085144
3,ventricle_left,18,19,0.6992393732070923
3,ventricle_left,18,20,0.6900296807289124
3,ventricle_left,18,21,0.6847291588783264
3,ventricle_left,18,22,0.6717326641082764
3,ventricle_left,18,23,0.6628178954124451
3,ventricle_left,18,24,0.6544337272644043
3,ventricle_left,18,25,0.6555989980697632
3,ventricle_left,18,26,0.6707286238670349
3,ventricle_left,18,27,0.6583173871040344
3,ventricle_left,18,28,0.6430249810218811
3,ventricle_left,18,29,0.6390424966812134
3,ventricle_left,18,30,0.633112907409668
3,ventricle_left,18,31,0.6194760799407959
3,ventricle_left,18,32,0.6065048575401306
3,ventricle_left,18,33,0.5955603718757629
3,ventricle_left,18,34,0.5931431651115417
3,ventricle_left,18,35,0.5837078094482422
3,ventricle_left,18,36,0.5729448199272156
3,ventricle_left,18,37,0.5625772476196289
3,ventricle_left,18,38,0.5586169362068176
3,ventricle_left,18,39,0.5649573802947998
3,ventricle_left,18,40,0.5555099844932556
3,ventricle_left,18,41,0.5511458516120911
3,ventricle_left,18,42,0.5444837808609009
3,ventricle_left,18,43,0.5396766662597656
3,ventricle_left,18,44,0.5235203504562378
3,ventricle_left,18,45,0.5225327014923096
3,ventricle_left,18,46,0.5065534710884094
3,ventricle_left,18,47,0.5041772723197937
3,ventricle_left,18,48,0.4948867857456207
3,ventricle_left,18,49,0.49002134799957275
3,ventricle_left,18,50,0.48427432775497437
3,ventricle_left,18,51,0.48312684893608093
3,ventricle_left,18,52,0.47396320104599
3,ventricle_left,18,53,0.4615088105201721
3,ventricle_left,18,54,0.45496711134910583
3,ventricle_left,18,55,0.44500377774238586
3,ventricle_left,18,56,0.4333966374397278
3,ventricle_left,18,57,0.4390176236629486
3,ventricle_left,18,58,0.4360211491584778
3,ventricle_left,18,59,0.4351048171520233
3,ventricle_left,18,60,0.42918238043785095
3,ventricle_left,18,61,0.40748223662376404
3,ventricle_left,18,62,0.3987404406070709
3,ventricle_left,18,63,0.4071957767009735
3,ventricle_left,18,64,0.4017568826675415
3,ventricle_left,18,65,0.39037594199180603
3,ventricle_left,18,66,0.38844650983810425
3,ventricle_left,18,67,0.38101503252983093
3,ventricle_left,18,68,0.3844991624355316
3,ventricle_left,18,69,0.36937716603279114
3,ventricle_left,18,70,0.3718690872192383
3,ventricle_left,18,71,0.35434308648109436
3,ventricle_left,18,72,0.34439536929130554
3,ventricle_left,18,73,0.34187206625938416
3,ventricle_left,18,74,0.3271515369415283
3,ventricle_left,18,75,0.32742026448249817
3,ventricle_left,18,76,0.3157798647880554
3,ventricle_left,18,77,0.3185269832611084
3,ventricle_left,18,78,0.3153879642486572
3,ventricle_left,18,79,0.30381059646606445
3,ventricle_left,18,80,0.3183382451534271
3,ventricle_left,18,81,0.3172716796398163
3,ventricle_left,18,82,0.30993667244911194
3,ventricle_left,18,83,0.3079468309879303
3,ventricle_left,18,84,0.2976696491241455
3,ventricle_left,18,85,0.29082250595092773
3,ventricle_left,18,86,0.29002639651298523
3,ventricle_left,18,87,0.2676387429237366
3,ventricle_left,18,88,0.27745798230171204
3,ventricle_left,18,89,0.28252583742141724
3,ventricle_left,18,90,0.27648240327835083
3,ventricle_left,18,91,0.2622412443161011
3,ventricle_left,18,92,0.2709404230117798
3,ventricle_left,18,93,0.259723424911499
3,ventricle_left,18,94,0.25116482377052307
3,ventricle_left,18,95,0.23415879905223846
3,ventricle_left,18,96,0.22505421936511993
3,ventricle_left,18,97,0.2331646978855133
3,ventricle_left,18,98,0.2307976335287094
3,ventricle_left,18,99,0.22229593992233276
3,ventricle_left,18,100,0.2217007726430893
4,hippocampus_right,13,1,1.336378574371338
4,hippocampus_right,13,2,1.0571237802505493
4,hippocampus_right,13,3,0.9966723322868347
4,hippocampus_right,13,4,0.9657543301582336
4,hippocampus_right,13,5,0.9378584027290344
4,hippocampus_right,13,6,0.9074850678443909
4,hippocampus_right,13,7,0.8835631012916565
4,hippocampus_right,13,8,0.8662090301513672
4,hippocampus_right,13,9,0.8504987359046936
4,hippocampus_right,13,10,0.8421299457550049
4,hippocampus_right,13,11,0.8250481486320496
4,hippocampus_right,13,12,0.8118000626564026
4,hippocampus_right,13,13,0.8004199266433716
4,hippocampus_right,13,14,0.7937005758285522
4,hippocampus_right,13,15,0.7806320190429688
4,hippocampus_right,13,16,0.7720942497253418
4,hippocampus_right,13,17,0.7671120762825012
4,hippocampus_right,13,18,0.7619126439094543
4,hippocampus_right,13,19,0.7591246366500854
4,hippocampus_right,13,20,0.7481568455696106
4,hippocampus_right,13,21,0.7376735806465149
4,hippocampus_right,13,22,0.7316200733184814
4,hippocampus_right,13,23,0.7206113934516907
4,hippocampus_right,13,24,0.7192235589027405
4,hippocampus_right,13,25,0.7077212929725647
4,hippocampus_right,13,26,0.7007849216461182
4,hippocampus_right,13,27,0.6929759383201599
4,hippocampus_right,13,28,0.6829848885536194
4,hippocampus_right,13,29,0.6687234044075012
4,hippocampus_right,13,30,0.6663365960121155
4,hippocampus_right,13,31,0.6588482856750488
4,hippocampus_right,13,32,0.6541300415992737
4,hippocampus_right,13,33,0.6375448703765869
4,hippocampus_right,13,34,0.6290399432182312
4,hippocampus_right,13,35,0.6262977719306946
4,hippocampus_right,13,36,0.6153414845466614
4,hippocampus_right,13,37,0.6036186218261719
4,hippocampus_right,13,38,0.5907244086265564
4,hippocampus_right,13,39,0.5834236145019531
4,hippocampus_right,13,40,0.5727114081382751
4,hippocampus_right,13,41,0.568103015422821
4,hippocampus_right,13,42,0.5614804625511169
4,hippocampus_right,13,43,0.5612714886665344
4,hippocampus_right,13,44,0.5595889687538147
4,hippocampus_right,13,45,0.5506540536880493
4,hippocampus_right,13,46,0.5400358438491821
4,hippocampus_right,13,47,0.5287558436393738
4,hippocampus_right,13,48,0.5257799029350281
4,hippocampus_right,13,49,0.5172244310379028
4,hippocampus_right,13,50,0.5091034173965454
4,hippocampus_right,13,51,0.5005449056625366
4,hippocampus_right,13,52,0.5096117854118347
4,hippocampus_right,13,53,0.49368879199028015
4,hippocampus_right,13,54,0.4977836608886719
4,hippocampus_right,13,55,0.48942649364471436
4,hippocampus_right,13,56,0.493523508310318
4,hippocampus_right,13,57,0.47508636116981506
4,hippocampus_right,13,58,0.48071035742759705
4,hippocampus_right,13,59,0.47059181332588196
4,hippocampus_right,13,60,0.4694749712944031
4,hippocampus_right,13,61,0.4685097634792328
4,hippocampus_right,13,62,0.46305105090141296
4,hippocampus_right,13,63,0.4709172546863556
4,hippocampus_right,13,64,0.4791499376296997
4,hippocampus_right,13,65,0.4874736964702606
4,hippocampus_right,13,66,0.48402974009513855
4,hippocampus_right,13,67,0.48133334517478943
4,hippocampus_right,13,68,0.47491323947906494
4,hippocampus_right,13,69,0.44325634837150574
4,hippocampus_right,13,70,0.44342732429504395
4,hippocampus_right,13,71,0.44747450947761536
4,hippocampus_right,13,72,0.4396892189979553
4,hippocampus_right,13,73,0.44167760014533997
4,hippocampus_right,13,74,0.4290984570980072
4,hippocampus_right,13,75,0.4136527180671692
4,hippocampus_right,13,76,0.41978198289871216
4,hippocampus_right,13,77,0.4179898202419281
4,hippocampus_right,13,78,0.41967058181762695
4,hippocampus_right,13,79,0.43476054072380066
4,hippocampus_right,13,80,0.42207658290863037
4,hippocampus_right,13,81,0.4048723876476288
4,hippocampus_right,13,82,0.40546515583992004
4,hippocampus_right,13,83,0.40520134568214417
4,hippocampus_right,13,84,0.3953353464603424
4,hippocampus_right,13,85,0.39424100518226624
4,hippocampus_right,13,86,0.382347047328949
4,hippocampus_right,13,87,0.3907443881034851
4,hippocampus_right,13,88,0.3974307179450989
4,hippocampus_right,13,89,0.4066699147224426
4,hippocampus_right,13,90,0.3838675320148468
4,hippocampus_right,13,91,0.37947878241539
4,hippocampus_right,13,92,0.3559584319591522
4,hippocampus_right,13,93,0.3669930696487427
4,hippocampus_right,13,94,0.36091187596321106
4,hippocampus_right,13,95,0.3624720275402069
4,hippocampus_right,13,96,0.36288079619407654
4,hippocampus_right,13,97,0.3528987169265747
4,hippocampus_right,13,98,0.3372310996055603
4,hippocampus_right,13,99,0.3665972650051117
4,hippocampus_right,13,100,0.3463466465473175
4,hippocampus_left,14,1,1.1696770191192627
4,hippocampus_left,14,2,0.9826073050498962
4,hippocampus_left,14,3,0.9130202531814575
4,hippocampus_left,14,4,0.8804799318313599
4,hippocampus_left,14,5,0.8598582744598389
4,hippocampus_left,14,6,0.8495749831199646
4,hippocampus_left,14,7,0.8350187540054321
4,hippocampus_left,14,8,0.8361724615097046
4,hippocampus_left,14,9,0.8185737133026123
4,hippocampus_left,14,10,0.8044484853744507
4,hippocampus_left,14,11,0.7872933745384216
4,hippocampus_left,14,12,0.7775683999061584
4,hippocampus_left,14,13,0.7722653746604919
4,hippocampus_left,14,14,0.7624542713165283
4,hippocampus_left,14,15,0.7576372623443604
4,hippocampus_left,14,16,0.7499584555625916
4,hippocampus_left,14,17,0.7402020692825317
4,hippocampus_left,14,18,0.7363491654396057
4,hippocampus_left,14,19,0.7217465043067932
4,hippocampus_left,14,20,0.7145034670829773
4,hippocampus_left,14,21,0.70469731092453
4,hippocampus_left,14,22,0.6943731307983398
4,hippocampus_left,14,23,0.688674807548523
4,hippocampus_left,14,24,0.6816310286521912
4,hippocampus_left,14,25,0.6828926205635071
4,hippocampus_left,14,26,0.6790248155593872
4,hippocampus_left,14,27,0.6760760545730591
4,hippocampus_left,14,28,0.662505567073822
4,hippocampus_left,14,29,0.6637374758720398
4,hippocampus_left,14,30,0.6562747955322266
4,hippocampus_left,14,31,0.6460388898849487
4,hippocampus_left,14,32,0.6414660215377808
4,hippocampus_left,14,33,0.6359699964523315
4,hippocampus_left,14,34,0.6291800141334534
4,hippocampus_left,14,35,0.6177108883857727
4,hippocampus_left,14,36,0.6183955669403076
4,hippocampus_left,14,37,0.6097392439842224
4,hippocampus_left,14,38,0.5981730222702026
4,hippocampus_left,14,39,0.59075927734375
4,hippocampus_left,14,40,0.5814101099967957
4,hippocampus_left,14,41,0.5711674094200134
4,hippocampus_left,14,42,0.5652467608451843
4,hippocampus_left,14,43,0.5576854944229126
4,hippocampus_left,14,44,0.5603262186050415
4,hippocampus_left,14,45,0.5564106702804565
4,hippocampus_left,14,46,0.5639327764511108
4,hippocampus_left,14,47,0.5531512498855591
4,hippocampus_left,14,48,0.544782817363739
4,hippocampus_left,14,49,0.5434620380401611
4,hippocampus_left,14,50,0.5541810989379883
4,hippocampus_left,14,51,0.5387837886810303
4,hippocampus_left,14,52,0.5324788689613342
4,hippocampus_left,14,53,0.5144454836845398
4,hippocampus_left,14,54,0.5077493190765381
4,hippocampus_left,14,55,0.4989781379699707
4,hippocampus_left,14,56,0.4999430179595947
4,hippocampus_left,14,57,0.4899534285068512
4,hippocampus_left,14,58,0.5092623829841614
4,hippocampus_left,14,59,0.49591153860092163
4,hippocampus_left,14,60,0.490811824798584
4,hippocampus_left,14,61,0.49054837226867676
4,hippocampus_left,14,62,0.47993430495262146
4,hippocampus_left,14,63,0.4627779722213745
4,hippocampus_left,14,64,0.45630085468292236
4,hippocampus_left,14,65,0.46573561429977417
4,hippocampus_left,14,66,0.45360058546066284
4,hippocampus_left,14,67,0.4442531168460846
4,hippocampus_left,14,68,0.4462413787841797
4,hippocampus_left,14,69,0.4428371489048004
4,hippocampus_left,14,70,0.4267966151237488
4,hippocampus_left,14,71,0.41545337438583374
4,hippocampus_left,14,72,0.4107559323310852
4,hippocampus_left,14,73,0.3993373513221741
4,hippocampus_left,14,74,0.4074144959449768
4,hippocampus_left,14,75,0.41082635521888733
4,hippocampus_left,14,76,0.4040355086326599
4,hippocampus_left,14,77,0.40326517820358276
4,hippocampus_left,14,78,0.4082789123058319
4,hippocampus_left,14,79,0.41164982318878174
4,hippocampus_left,14,80,0.41258347034454346
4,hippocampus_left,14,81,0.4104847013950348
4,hippocampus_left,14,82,0.3960355818271637
4,hippocampus_left,14,83,0.39286309480667114
4,hippocampus_left,14,84,0.3929363787174225
4,hippocampus_left,14,85,0.3762142062187195
4,hippocampus_left,14,86,0.36905425786972046
4,hippocampus_left,14,87,0.36767590045928955
4,hippocampus_left,14,88,0.364154577255249
4,hippocampus_left,14,89,0.3556823432445526
4,hippocampus_left,14,90,0.3634611964225769
4,hippocampus_left,14,91,0.3550589680671692
4,hippocampus_left,14,92,0.3430778384208679
4,hippocampus_left,14,93,0.32923343777656555
4,hippocampus_left,14,94,0.3303082585334778
4,hippocampus_left,14,95,0.3263218104839325
4,hippocampus_left,14,96,0.33413949608802795
4,hippocampus_left,14,97,0.3394816219806671
4,hippocampus_left,14,98,0.36101242899894714
4,hippocampus_left,14,99,0.35621732473373413
4,hippocampus_left,14,100,0.34070339798927307
4,ventricle_right,17,1,1.1913938522338867
4,ventricle_right,17,2,0.9732198715209961
4,ventricle_right,17,3,0.9108591675758362
4,ventricle_right,17,4,0.8780750036239624
4,ventricle_right,17,5,0.8472903370857239
4,ventricle_right,17,6,0.838096559047699
4,ventricle_right,17,7,0.8253514766693115
4,ventricle_right,17,8,0.8131237030029297
4,ventricle_right,17,9,0.8009756803512573
4,ventricle_right,17,10,0.7855181694030762
4,ventricle_right,17,11,0.7748395204544067
4,ventricle_right,17,12,0.7906754612922668
4,ventricle_right,17,13,0.7696797847747803
4,ventricle_right,17,14,0.7631707787513733
4,ventricle_right,17,15,0.7492380738258362
4,ventricle_right,17,16,0.741092324256897
4,ventricle_right,17,17,0.7295711636543274
4,ventricle_right,17,18,0.7112743258476257
4,ventricle_right,17,19,0.6999015212059021
4,ventricle_right,17,20,0.6862265467643738
4,ventricle_right,17,21,0.6811812520027161
4,ventricle_right,17,22,0.6703280210494995
4,ventricle_right,17,23,0.6606480479240417
4,ventricle_right,17,24,0.6542664170265198
4,ventricle_right,17,25,0.653431236743927
4,ventricle_right,17,26,0.6480779647827148
4,ventricle_right,17,27,0.6495031118392944
4,ventricle_right,17,28,0.6525288224220276
4,ventricle_right,17,29,0.6350923776626587
4,ventricle_right,17,30,0.6357694864273071
4,ventricle_right,17,31,0.6242257952690125
4,ventricle_right,17,32,0.6178168654441833
4,ventricle_right,17,33,0.6060200929641724
4,ventricle_right,17,34,0.5944381356239319
4,ventricle_right,17,35,0.5893750190734863
4,ventricle_right,17,36,0.5834906101226807
4,ventricle_right,17,37,0.5696651339530945
4,ventricle_right,17,38,0.5567370057106018
4,ventricle_right,17,39,0.5464790463447571
4,ventricle_right,17,40,0.5473762154579163
4,ventricle_right,17,41,0.527233362197876
4,ventricle_right,17,42,0.5225495100021362
4,ventricle_right,17,43,0.5193597078323364
4,ventricle_right,17,44,0.5080227255821228
4,ventricle_right,17,45,0.5014752745628357
4,ventricle_right,17,46,0.4912593960762024
4,ventricle_right,17,47,0.49585628509521484
4,ventricle_right,17,48,0.49256712198257446
4,ventricle_right,17,49,0.497429758310318
4,ventricle_right,17,50,0.5005541443824768
4,ventricle_right,17,51,0.4920741319656372
4,ventricle_right,17,52,0.4834689795970917
4,ventricle_right,17,53,0.47106310725212097
4,ventricle_right,17,54,0.46522241830825806
4,ventricle_right,17,55,0.45814821124076843
4,ventricle_right,17,56,0.4538089334964752
4,ventricle_right,17,57,0.44629400968551636
4,ventricle_right,17,58,0.43501847982406616
4,ventricle_right,17,59,0.4244822561740875
4,ventricle_right,17,60,0.4103568196296692
4,ventricle_right,17,61,0.40119948983192444
4,ventricle_right,17,62,0.3957165777683258
4,ventricle_right,17,63,0.39142391085624695
4,ventricle_right,17,64,0.3898760676383972
4,ventricle_right,17,65,0.39680400490760803
4,ventricle_right,17,66,0.3862902820110321
4,ventricle_right,17,67,0.3983517289161682
4,ventricle_right,17,68,0.3911197781562805
4,ventricle_right,17,69,0.38781604170799255
4,ventricle_right,17,70,0.3824997544288635
4,ventricle_right,17,71,0.3583236038684845
4,ventricle_right,17,72,0.3547442555427551
4,ventricle_right,17,73,0.3556922376155853
4,ventricle_right,17,74,0.357889324426651
4,ventricle_right,17,75,0.345797598361969
4,ventricle_right,17,76,0.33612632751464844
4,ventricle_right,17,77,0.3253480792045593
4,ventricle_right,17,78,0.3401978313922882
4,ventricle_right,17,79,0.31904903054237366
4,ventricle_right,17,80,0.31095945835113525
4,ventricle_right,17,81,0.30065953731536865
4,ventricle_right,17,82,0.2919529676437378
4,ventricle_right,17,83,0.28834548592567444
4,ventricle_right,17,84,0.28032466769218445
4,ventricle_right,17,85,0.279599666595459
4,ventricle_right,17,86,0.2776893675327301
4,ventricle_right,17,87,0.2779955267906189
4,ventricle_right,17,88,0.2827368676662445
4,ventricle_right,17,89,0.28528329730033875
4,ventricle_right,17,90,0.2695556879043579
4,ventricle_right,17,91,0.30021318793296814
4,ventricle_right,17,92,0.3047407567501068
4,ventricle_right,17,93,0.2855932116508484
4,ventricle_right,17,94,0.2780180275440216
4,ventricle_right,17,95,0.2574673891067505
4,ventricle_right,17,96,0.2576957643032074
4,ventricle_right,17,97,0.2379153072834015
4,ventricle_right,17,98,0.23349082469940186
4,ventricle_right,17,99,0.2356102019548416
4,ventricle_right,17,100,0.22952166199684143
4,ventricle_left,18,1,1.2800672054290771
4,ventricle_left,18,2,1.0365012884140015
4,ventricle_left,18,3,0.9345200061798096
4,ventricle_left,18,4,0.9055137038230896
4,ventricle_left,18,5,0.8744180202484131
4,ventricle_left,18,6,0.8491218090057373
4,ventricle_left,18,7,0.8330489993095398
4,ventricle_left,18,8,0.8212248086929321
4,ventricle_left,18,9,0.8093981146812439
4,ventricle_left,18,10,0.800597608089447
4,ventricle_left,18,11,0.7909417152404785
4,ventricle_left,18,12,0.78117835521698
4,ventricle_left,18,13,0.7778338193893433
4,ventricle_left,18,14,0.7752866148948669
4,ventricle_left,18,15,0.75780189037323
4,ventricle_left,18,16,0.7486718893051147
4,ventricle_left,18,17,0.7452149391174316
4,ventricle_left,18,18,0.7322720289230347
4,ventricle_left,18,19,0.7226732969284058
4,ventricle_left,18,20,0.7318857312202454
4,ventricle_left,18,21,0.7414202690124512
4,ventricle_left,18,22,0.7231258749961853
4,ventricle_left,18,23,0.7064683437347412
4,ventricle_left,18,24,0.6928077936172485
4,ventricle_left,18,25,0.6863090395927429
4,ventricle_left,18,26,0.6758958697319031
4,ventricle_left,18,27,0.6603448390960693
4,ventricle_left,18,28,0.6477696895599365
4,ventricle_left,18,29,0.6392744779586792
4,ventricle_left,18,30,0.6272923350334167
4,ventricle_left,18,31,0.6190773844718933
4,ventricle_left,18,32,0.606634795665741
4,ventricle_left,18,33,0.5978202819824219
4,ventricle_left,18,34,0.5917243361473083
4,ventricle_left,18,35,0.5780454874038696
4,ventricle_left,18,36,0.5696518421173096
4,ventricle_left,18,37,0.5590965747833252
4,ventricle_left,18,38,0.5554831624031067
4,ventricle_left,18,39,0.544141411781311
4,ventricle_left,18,40,0.5443602800369263
4,ventricle_left,18,41,0.5431796908378601
4,ventricle_left,18,42,0.5321541428565979
4,ventricle_left,18,43,0.5301437973976135
4,ventricle_left,18,44,0.516582727432251
4,ventricle_left,18,45,0.5062665343284607
4,ventricle_left,18,46,0.4955114424228668
4,ventricle_left,18,47,0.4828684329986572
4,ventricle_left,18,48,0.4879782795906067
4,ventricle_left,18,49,0.48286670446395874
4,ventricle_left,18,50,0.46953073143959045
4,ventricle_left,18,51,0.46867263317108154
4,ventricle_left,18,52,0.46585386991500854
4,ventricle_left,18,53,0.46454039216041565
4,ventricle_left,18,54,0.46039286255836487
4,ventricle_left,18,55,0.45968344807624817
4,ventricle_left,18,56,0.4490499198436737
4,ventricle_left,18,57,0.43002527952194214
4,ventricle_left,18,58,0.43638157844543457
4,ventricle_left,18,59,0.4271104335784912
4,ventricle_left,18,60,0.42649388313293457
4,ventricle_left,18,61,0.4063147306442261
4,ventricle_left,18,62,0.40522968769073486
4,ventricle_left,18,63,0.3970079720020294
4,ventricle_left,18,64,0.3822648227214813
4,ventricle_left,18,65,0.3830070197582245
4,ventricle_left,18,66,0.37243032455444336
4,ventricle_left,18,67,0.3713923692703247
4,ventricle_left,18,68,0.3590067923069
4,ventricle_left,18,69,0.3607598543167114
4,ventricle_left,18,70,0.3606835603713989
4,ventricle_left,18,71,0.36123234033584595
4,ventricle_left,18,72,0.34770485758781433
4,ventricle_left,18,73,0.3463752567768097
4,ventricle_left,18,74,0.34287455677986145
4,ventricle_left,18,75,0.33908945322036743
4,ventricle_left,18,76,0.33360910415649414
4,ventricle_left,18,77,0.3248544931411743
4,ventricle_left,18,78,0.3133944869041443
4,ventricle_left,18,79,0.308053195476532
4,ventricle_left,18,80,0.3196871280670166
4,ventricle_left,18,81,0.3067258298397064
4,ventricle_left,18,82,0.2955358624458313
4,ventricle_left,18,83,0.284487247467041
4,ventricle_left,18,84,0.2841170132160187
4,ventricle_left,18,85,0.2845076024532318
4,ventricle_left,18,86,0.28047025203704834
4,ventricle_left,18,87,0.2780677378177643
4,ventricle_left,18,88,0.27271080017089844
4,ventricle_left,18,89,0.2582169473171234
4,ventricle_left,18,90,0.24866798520088196
4,ventricle_left,18,91,0.23391935229301453
4,ventricle_left,18,92,0.23484963178634644
4,ventricle_left,18,93,0.21707689762115479
4,ventricle_left,18,94,0.21930906176567078
4,ventricle_left,18,95,0.2232920527458191
4,ventricle_left,18,96,0.23783664405345917
4,ventricle_left,18,97,0.24315598607063293
4,ventricle_left,18,98,0.23324787616729736
4,ventricle_left,18,99,0.22072091698646545
4,ventricle_left,18,100,0.2450834959745407
5,hippocampus_right,13,1,1.3677091598510742
5,hippocampus_right,13,2,1.0557032823562622
5,hippocampus_right,13,3,1.0064311027526855
5,hippocampus_right,13,4,0.9645114541053772
5,hippocampus_right,13,5,0.9402002096176147
5,hippocampus_right,13,6,0.9182386994361877
5,hippocampus_right,13,7,0.8953366875648499
5,hippocampus_right,13,8,0.8748926520347595
5,hippocampus_right,13,9,0.858910083770752
5,hippocampus_right,13,10,0.845051109790802
5,hippocampus_right,13,11,0.8322160840034485
5,hippocampus_right,13,12,0.8162676692008972
5,hippocampus_right,13,13,0.8059888482093811
5,hippocampus_right,13,14,0.7963103652000427
5,hippocampus_right,13,15,0.7868101596832275
5,hippocampus_right,13,16,0.7808303833007812
5,hippocampus_right,13,17,0.7776786088943481
5,hippocampus_right,13,18,0.7768491506576538
5,hippocampus_right,13,19,0.75776606798172
5,hippocampus_right,13,20,0.7604224681854248
5,hippocampus_right,13,21,0.7457962036132812
5,hippocampus_right,13,22,0.7362684607505798
5,hippocampus_right,13,23,0.7230113744735718
5,hippocampus_right,13,24,0.7216023206710815
5,hippocampus_right,13,25,0.7118308544158936
5,hippocampus_right,13,26,0.6995428204536438
5,hippocampus_right,13,27,0.690185010433197
5,hippocampus_right,13,28,0.6763975024223328
5,hippocampus_right,13,29,0.6712921261787415
5,hippocampus_right,13,30,0.6745706796646118
5,hippocampus_right,13,31,0.6666482090950012
5,hippocampus_right,13,32,0.6727323532104492
5,hippocampus_right,13,33,0.6397770047187805
5,hippocampus_right,13,34,0.6320611238479614
5,hippocampus_right,13,35,0.6267068982124329
5,hippocampus_right,13,36,0.6119062304496765
5,hippocampus_right,13,37,0.6038942933082581
5,hippocampus_right,13,38,0.5910470485687256
5,hippocampus_right,13,39,0.5892292857170105
5,hippocampus_right,13,40,0.5836696028709412
5,hippocampus_right,13,41,0.5701159238815308
5,hippocampus_right,13,42,0.5697843432426453
5,hippocampus_right,13,43,0.5528452396392822
5,hippocampus_right,13,44,0.5481712222099304
5,hippocampus_right,13,45,0.5464239716529846
5,hippocampus_right,13,46,0.5382344126701355
5,hippocampus_right,13,47,0.5379299521446228
5,hippocampus_right,13,48,0.5162239074707031
5,hippocampus_right,13,49,0.5134662985801697
5,hippocampus_right,13,50,0.5184792876243591
5,hippocampus_right,13,51,0.5155125856399536
5,hippocampus_right,13,52,0.5031077265739441
5,hippocampus_right,13,53,0.5080239772796631
5,hippocampus_right,13,54,0.49888235330581665
5,hippocampus_right,13,55,0.4859679043292999
5,hippocampus_right,13,56,0.4804404675960541
5,hippocampus_right,13,57,0.47043752670288086
5,hippocampus_right,13,58,0.48652300238609314
5,hippocampus_right,13,59,0.46818795800209045
5,hippocampus_right,13,60,0.46833088994026184
5,hippocampus_right,13,61,0.47170624136924744
5,hippocampus_right,13,62,0.46632757782936096
5,hippocampus_right,13,63,0.4619337320327759
5,hippocampus_right,13,64,0.4553651213645935
5,hippocampus_right,13,65,0.44876790046691895
5,hippocampus_right,13,66,0.45386335253715515
5,hippocampus_right,13,67,0.446919322013855
5,hippocampus_right,13,68,0.4597579538822174
5,hippocampus_right,13,69,0.4530475437641144
5,hippocampus_right,13,70,0.42985662817955017
5,hippocampus_right,13,71,0.4192289412021637
5,hippocampus_right,13,72,0.4133489727973938
5,hippocampus_right,13,73,0.40758252143859863
5,hippocampus_right,13,74,0.3916079103946686
5,hippocampus_right,13,75,0.38601046800613403
5,hippocampus_right,13,76,0.38740411400794983
5,hippocampus_right,13,77,0.37237340211868286
5,hippocampus_right,13,78,0.38273754715919495
5,hippocampus_right,13,79,0.3811272084712982
5,hippocampus_right,13,80,0.37313875555992126
5,hippocampus_right,13,81,0.38919731974601746
5,hippocampus_right,13,82,0.40137550234794617
5,hippocampus_right,13,83,0.4004708230495453
5,hippocampus_right,13,84,0.38926398754119873
5,hippocampus_right,13,85,0.3729332685470581
5,hippocampus_right,13,86,0.378465473651886
5,hippocampus_right,13,87,0.3757220506668091
5,hippocampus_right,13,88,0.3627268970012665
5,hippocampus_right,13,89,0.34734925627708435
5,hippocampus_right,13,90,0.34736067056655884
5,hippocampus_right,13,91,0.34976211190223694
5,hippocampus_right,13,92,0.3446964919567108
5,hippocampus_right,13,93,0.3625235855579376
5,hippocampus_right,13,94,0.380705863237381
5,hippocampus_right,13,95,0.379487544298172
5,hippocampus_right,13,96,0.3697761595249176
5,hippocampus_right,13,97,0.3668426275253296
5,hippocampus_right,13,98,0.3607109785079956
5,hippocampus_right,13,99,0.3440498411655426
5,hippocampus_right,13,100,0.3391585648059845
5,hippocampus_left,14,1,1.1906976699829102
5,hippocampus_left,14,2,1.1476401090621948
5,hippocampus_left,14,3,0.9384864568710327
5,hippocampus_left,14,4,0.904663622379303
5,hippocampus_left,14,5,0.8777260184288025
5,hippocampus_left,14,6,0.8630238771438599
5,hippocampus_left,14,7,0.8484722375869751
5,hippocampus_left,14,8,0.8334938883781433
5,hippocampus_left,14,9,0.8223688006401062
5,hippocampus_left,14,10,0.8108223080635071
5,hippocampus_left,14,11,0.8010721802711487
5,hippocampus_left,14,12,0.7889082431793213
5,hippocampus_left,14,13,0.777739405632019
5,hippocampus_left,14,14,0.7686927914619446
5,hippocampus_left,14,15,0.7649565935134888
5,hippocampus_left,14,16,0.7549603581428528
5,hippocampus_left,14,17,0.7511209845542908
5,hippocampus_left,14,18,0.7496622800827026
5,hippocampus_left,14,19,0.747663676738739
5,hippocampus_left,14,20,0.7357345223426819
5,hippocampus_left,14,21,0.7195786833763123
5,hippocampus_left,14,22,0.7154366374015808
5,hippocampus_left,14,23,0.7037644982337952
5,hippocampus_left,14,24,0.6980560421943665
5,hippocampus_left,14,25,0.6843024492263794
5,hippocampus_left,14,26,0.6755162477493286
5,hippocampus_left,14,27,0.6625404357910156
5,hippocampus_left,14,28,0.6586363315582275
5,hippocampus_left,14,29,0.6478666067123413
5,hippocampus_left,14,30,0.6445416808128357
5,hippocampus_left,14,31,0.6488146781921387
5,hippocampus_left,14,32,0.6446833610534668
5,hippocampus_left,14,33,0.6354777812957764
5,hippocampus_left,14,34,0.6291899085044861
5,hippocampus_left,14,35,0.6232745051383972
5,hippocampus_left,14,36,0.617392897605896
5,hippocampus_left,14,37,0.6085193157196045
5,hippocampus_left,14,38,0.5958819389343262
5,hippocampus_left,14,39,0.5884191393852234
5,hippocampus_left,14,40,0.595350444316864
5,hippocampus_left,14,41,0.587763249874115
5,hippocampus_left,14,42,0.5915697813034058
5,hippocampus_left,14,43,0.5776079893112183
5,hippocampus_left,14,44,0.5763936638832092
5,hippocampus_left,14,45,0.5609258413314819
5,hippocampus_left,14,46,0.5480688810348511
5,hippocampus_left,14,47,0.5415520668029785
5,hippocampus_left,14,48,0.5349130034446716
5,hippocampus_left,14,49,0.5416831374168396
5,hippocampus_left,14,50,0.5338072180747986
5,hippocampus_left,14,51,0.5230306386947632
5,hippocampus_left,14,52,0.5132390260696411
5,hippocampus_left,14,53,0.521228551864624
5,hippocampus_left,14,54,0.5143216252326965
5,hippocampus_left,14,55,0.5105007886886597
5,hippocampus_left,14,56,0.5015448927879333
5,hippocampus_left,14,57,0.5140663385391235
5,hippocampus_left,14,58,0.4982723593711853
5,hippocampus_left,14,59,0.48365235328674316
5,hippocampus_left,14,60,0.4864623546600342
5,hippocampus_left,14,61,0.4751907289028168
5,hippocampus_left,14,62,0.4720536768436432
5,hippocampus_left,14,63,0.46583321690559387
5,hippocampus_left,14,64,0.45614054799079895
5,hippocampus_left,14,65,0.45437976717948914
5,hippocampus_left,14,66,0.45265501737594604
5,hippocampus_left,14,67,0.4423508048057556
5,hippocampus_left,14,68,0.4388806223869324
5,hippocampus_left,14,69,0.4250369966030121
5,hippocampus_left,14,70,0.42197301983833313
5,hippocampus_left,14,71,0.41809728741645813
5,hippocampus_left,14,72,0.41772645711898804
5,hippocampus_left,14,73,0.41397523880004883
5,hippocampus_left,14,74,0.41282543540000916
5,hippocampus_left,14,75,0.4161759316921234
5,hippocampus_left,14,76,0.43082866072654724
5,hippocampus_left,14,77,0.4083944857120514
5,hippocampus_left,14,78,0.40810978412628174
5,hippocampus_left,14,79,0.40621933341026306
5,hippocampus_left,14,80,0.3928971290588379
5,hippocampus_left,14,81,0.3892039358615875
5,hippocampus_left,14,82,0.38270166516304016
5,hippocampus_left,14,83,0.37005722522735596
5,hippocampus_left,14,84,0.366763174533844
5,hippocampus_left,14,85,0.35612934827804565
5,hippocampus_left,14,86,0.35360395908355713
5,hippocampus_left,14,87,0.35626092553138733
5,hippocampus_left,14,88,0.3652571439743042
5,hippocampus_left,14,89,0.3542732894420624
5,hippocampus_left,14,90,0.3643893301486969
5,hippocampus_left,14,91,0.36402565240859985
5,hippocampus_left,14,92,0.3776104748249054
5,hippocampus_left,14,93,0.3946205973625183
5,hippocampus_left,14,94,0.3706948161125183
5,hippocampus_left,14,95,0.3611920177936554
5,hippocampus_left,14,96,0.3484058082103729
5,hippocampus_left,14,97,0.3522967994213104
5,hippocampus_left,14,98,0.34617140889167786
5,hippocampus_left,14,99,0.34077221155166626
5,hippocampus_left,14,100,0.32523220777511597
5,ventricle_right,17,1,1.2139941453933716
5,ventricle_right,17,2,0.9453806281089783
5,ventricle_right,17,3,0.8793306350708008
5,ventricle_right,17,4,0.8593441247940063
5,ventricle_right,17,5,0.867498517036438
5,ventricle_right,17,6,0.8470560908317566
5,ventricle_right,17,7,0.8345244526863098
5,ventricle_right,17,8,0.8181771636009216
5,ventricle_right,17,9,0.7960864901542664
5,ventricle_right,17,10,0.780911922454834
5,ventricle_right,17,11,0.7732749581336975
5,ventricle_right,17,12,0.7666636109352112
5,ventricle_right,17,13,0.7579716444015503
5,ventricle_right,17,14,0.7513462901115417
5,ventricle_right,17,15,0.7396727204322815
5,ventricle_right,17,16,0.7248474359512329
5,ventricle_right,17,17,0.7181991338729858
5,ventricle_right,17,18,0.7059502601623535
5,ventricle_right,17,19,0.6990454792976379
5,ventricle_right,17,20,0.6934929490089417
5,ventricle_right,17,21,0.6932196021080017
5,ventricle_right,17,22,0.6798275709152222
5,ventricle_right,17,23,0.6722027659416199
5,ventricle_right,17,24,0.6645225882530212
5,ventricle_right,17,25,0.6477123498916626
5,ventricle_right,17,26,0.6471065878868103
5,ventricle_right,17,27,0.6450465321540833
5,ventricle_right,17,28,0.6330224275588989
5,ventricle_right,17,29,0.6316020488739014
5,ventricle_right,17,30,0.6218520998954773
5,ventricle_right,17,31,0.6066728830337524
5,ventricle_right,17,32,0.6023521423339844
5,ventricle_right,17,33,0.6069175601005554
5,ventricle_right,17,34,0.5929563641548157
5,ventricle_right,17,35,0.5814380645751953
5,ventricle_right,17,36,0.5672363638877869
5,ventricle_right,17,37,0.5627614855766296
5,ventricle_right,17,38,0.5570085048675537
5,ventricle_right,17,39,0.5548882484436035
5,ventricle_right,17,40,0.5374942421913147
5,ventricle_right,17,41,0.536409854888916
5,ventricle_right,17,42,0.534824788570404
5,ventricle_right,17,43,0.5305017232894897
5,ventricle_right,17,44,0.5133896470069885
5,ventricle_right,17,45,0.5209912061691284
5,ventricle_right,17,46,0.5092841982841492
5,ventricle_right,17,47,0.5023670792579651
5,ventricle_right,17,48,0.49731117486953735
5,ventricle_right,17,49,0.4921518564224243
5,ventricle_right,17,50,0.488922119140625
5,ventricle_right,17,51,0.47765490412712097
5,ventricle_right,17,52,0.474435031414032
5,ventricle_right,17,53,0.47810468077659607
5,ventricle_right,17,54,0.4722592234611511
5,ventricle_right,17,55,0.4586561620235443
5,ventricle_right,17,56,0.4538933336734772
5,ventricle_right,17,57,0.4431301951408386
5,ventricle_right,17,58,0.45448940992355347
5,ventricle_right,17,59,0.4428548216819763
5,ventricle_right,17,60,0.4292137324810028
5,ventricle_right,17,61,0.41979584097862244
5,ventricle_right,17,62,0.41933101415634155
5,ventricle_right,17,63,0.41978010535240173
5,ventricle_right,17,64,0.39750510454177856
5,ventricle_right,17,65,0.40042898058891296
5,ventricle_right,17,66,0.3926238417625427
5,ventricle_right,17,67,0.3846762776374817
5,ventricle_right,17,68,0.3718131184577942
5,ventricle_right,17,69,0.3641493320465088
5,ventricle_right,17,70,0.35569706559181213
5,ventricle_right,17,71,0.359352707862854
5,ventricle_right,17,72,0.3531181216239929
5,ventricle_right,17,73,0.34067413210868835
5,ventricle_right,17,74,0.3419661521911621
5,ventricle_right,17,75,0.34191837906837463
5,ventricle_right,17,76,0.33366984128952026
5,ventricle_right,17,77,0.3433019816875458
5,ventricle_right,17,78,0.3287034034729004
5,ventricle_right,17,79,0.32460522651672363
5,ventricle_right,17,80,0.33453264832496643
5,ventricle_right,17,81,0.3182232677936554
5,ventricle_right,17,82,0.3043837547302246
5,ventricle_right,17,83,0.2931551933288574
5,ventricle_right,17,84,0.2792370319366455
5,ventricle_right,17,85,0.28233280777931213
5,ventricle_right,17,86,0.2791329622268677
5,ventricle_right,17,87,0.26096463203430176
5,ventricle_right,17,88,0.2731929123401642
5,ventricle_right,17,89,0.2793891429901123
5,ventricle_right,17,90,0.28029561042785645
5,ventricle_right,17,91,0.27012181282043457
5,ventricle_right,17,92,0.2608250677585602
5,ventricle_right,17,93,0.252668172121048
5,ventricle_right,17,94,0.2481059730052948
5,ventricle_right,17,95,0.23844599723815918
5,ventricle_right,17,96,0.2324097603559494
5,ventricle_right,17,97,0.2399945855140686
5,ventricle_right,17,98,0.22553510963916779
5,ventricle_right,17,99,0.21478550136089325
5,ventricle_right,17,100,0.2172265350818634
5,ventricle_left,18,1,1.1721177101135254
5,ventricle_left,18,2,0.9806917905807495
5,ventricle_left,18,3,0.9123587608337402
5,ventricle_left,18,4,0.8688812255859375
5,ventricle_left,18,5,0.8411028981208801
5,ventricle_left,18,6,0.8256701231002808
5,ventricle_left,18,7,0.8155573606491089
5,ventricle_left,18,8,0.8054103851318359
5,ventricle_left,18,9,0.7942744493484497
5,ventricle_left,18,10,0.7879940867424011
5,ventricle_left,18,11,0.7868965268135071
5,ventricle_left,18,12,0.7636215090751648
5,ventricle_left,18,13,0.754815936088562
5,ventricle_left,18,14,0.7482919692993164
5,ventricle_left,18,15,0.7343834042549133
5,ventricle_left,18,16,0.7217038869857788
5,ventricle_left,18,17,0.7161109447479248
5,ventricle_left,18,18,0.7280616164207458
5,ventricle_left,18,19,0.7235480546951294
5,ventricle_left,18,20,0.7044250965118408
5,ventricle_left,18,21,0.6998790502548218
5,ventricle_left,18,22,0.6941060423851013
5,ventricle_left,18,23,0.6770708560943604
5,ventricle_left,18,24,0.6630040407180786
5,ventricle_left,18,25,0.6600748300552368
5,ventricle_left,18,26,0.6416229605674744
5,ventricle_left,18,27,0.6327043175697327
5,ventricle_left,18,28,0.6273149847984314
5,ventricle_left,18,29,0.6264010071754456
5,ventricle_left,18,30,0.6204738616943359
5,ventricle_left,18,31,0.6195120215415955
5,ventricle_left,18,32,0.6048094034194946
5,ventricle_left,18,33,0.5985040664672852
5,ventricle_left,18,34,0.5863308310508728
5,ventricle_left,18,35,0.5716572999954224
5,ventricle_left,18,36,0.5666772127151489
5,ventricle_left,18,37,0.5552656054496765
5,ventricle_left,18,38,0.5544982552528381
5,ventricle_left,18,39,0.557655394077301
5,ventricle_left,18,40,0.5333889126777649
5,ventricle_left,18,41,0.5317895412445068
5,ventricle_left,18,42,0.5323594808578491
5,ventricle_left,18,43,0.5238621234893799
5,ventricle_left,18,44,0.5256407260894775
5,ventricle_left,18,45,0.5224295854568481
5,ventricle_left,18,46,0.5188403725624084
5,ventricle_left,18,47,0.5172725915908813
5,ventricle_left,18,48,0.5063592195510864
5,ventricle_left,18,49,0.4957227408885956
5,ventricle_left,18,50,0.48165640234947205
5,ventricle_left,18,51,0.4835696518421173
5,ventricle_left,18,52,0.47530919313430786
5,ventricle_left,18,53,0.4597369134426117
5,ventricle_left,18,54,0.4511783719062805
5,ventricle_left,18,55,0.4537127614021301
5,ventricle_left,18,56,0.43664130568504333
5,ventricle_left,18,57,0.4349299967288971
5,ventricle_left,18,58,0.4209056794643402
5,ventricle_left,18,59,0.4097497761249542
5,ventricle_left,18,60,0.4061228334903717
5,ventricle_left,18,61,0.4075595736503601
5,ventricle_left,18,62,0.40042218565940857
5,ventricle_left,18,63,0.40582725405693054
5,ventricle_left,18,64,0.38196027278900146
5,ventricle_left,18,65,0.380747526884079
5,ventricle_left,18,66,0.38203465938568115
5,ventricle_left,18,67,0.38521885871887207
5,ventricle_left,18,68,0.3817901611328125
5,ventricle_left,18,69,0.370563805103302
5,ventricle_left,18,70,0.3761817514896393
5,ventricle_left,18,71,0.37489205598831177
5,ventricle_left,18,72,0.35831111669540405
5,ventricle_left,18,73,0.3773716986179352
5,ventricle_left,18,74,0.35711508989334106
5,ventricle_left,18,75,0.34783923625946045
5,ventricle_left,18,76,0.3421645760536194
5,ventricle_left,18,77,0.33243638277053833
5,ventricle_left,18,78,0.31749117374420166
5,ventricle_left,18,79,0.30428096652030945
5,ventricle_left,18,80,0.30925899744033813
5,ventricle_left,18,81,0.29975199699401855
5,ventricle_left,18,82,0.29821670055389404
5,ventricle_left,18,83,0.28951436281204224
5,ventricle_left,18,84,0.2838519811630249
5,ventricle_left,18,85,0.2861184775829315
5,ventricle_left,18,86,0.2881394922733307
5,ventricle_left,18,87,0.2940666079521179
5,ventricle_left,18,88,0.3199860453605652
5,ventricle_left,18,89,0.3297773003578186
5,ventricle_left,18,90,0.3207997679710388
5,ventricle_left,18,91,0.3043891489505768
5,ventricle_left,18,92,0.2924562990665436
5,ventricle_left,18,93,0.26930537819862366
5,ventricle_left,18,94,0.28833067417144775
5,ventricle_left,18,95,0.26125568151474
5,ventricle_left,18,96,0.2359011173248291
5,ventricle_left,18,97,0.23747503757476807
5,ventricle_left,18,98,0.22450926899909973
5,ventricle_left,18,99,0.2269323170185089
5,ventricle_left,18,100,0.21171751618385315
6,hippocampus_right,13,1,1.2182413339614868
6,hippocampus_right,13,2,1.0118309259414673
6,hippocampus_right,13,3,0.9563924074172974
6,hippocampus_right,13,4,0.9251543879508972
6,hippocampus_right,13,5,0.9043672680854797
6,hippocampus_right,13,6,0.8763948678970337
6,hippocampus_right,13,7,0.8606296181678772
6,hippocampus_right,13,8,0.8423160910606384
6,hippocampus_right,13,9,0.8345889449119568
6,hippocampus_right,13,10,0.8183934092521667
6,hippocampus_right,13,11,0.8050138354301453
6,hippocampus_right,13,12,0.7977567911148071
6,hippocampus_right,13,13,0.7846111059188843
6,hippocampus_right,13,14,0.7763827443122864
6,hippocampus_right,13,15,0.7663000822067261
6,hippocampus_right,13,16,0.763013482093811
6,hippocampus_right,13,17,0.757803201675415
6,hippocampus_right,13,18,0.7516364455223083
6,hippocampus_right,13,19,0.7423495054244995
6,hippocampus_right,13,20,0.7330282330513
6,hippocampus_right,13,21,0.7231932282447815
6,hippocampus_right,13,22,0.7152146697044373
6,hippocampus_right,13,23,0.7085248827934265
6,hippocampus_right,13,24,0.6975806355476379
6,hippocampus_right,13,25,0.6981031894683838
6,hippocampus_right,13,26,0.689347505569458
6,hippocampus_right,13,27,0.6778340339660645
6,hippocampus_right,13,28,0.6744903326034546
6,hippocampus_right,13,29,0.659254252910614
6,hippocampus_right,13,30,0.6468082666397095
6,hippocampus_right,13,31,0.6387821435928345
6,hippocampus_right,13,32,0.6254841685295105
6,hippocampus_right,13,33,0.6216787695884705
6,hippocampus_right,13,34,0.6130691766738892
6,hippocampus_right,13,35,0.6091890931129456
6,hippocampus_right,13,36,0.5963019728660583
6,hippocampus_right,13,37,0.5919825434684753
6,hippocampus_right,13,38,0.5802997350692749
6,hippocampus_right,13,39,0.5805551409721375
6,hippocampus_right,13,40,0.5803988575935364
6,hippocampus_right,13,41,0.5714508295059204
6,hippocampus_right,13,42,0.5743669271469116
6,hippocampus_right,13,43,0.5760672092437744
6,hippocampus_right,13,44,0.5688717365264893
6,hippocampus_right,13,45,0.5689208507537842
6,hippocampus_right,13,46,0.5644335746765137
6,hippocampus_right,13,47,0.5652782917022705
6,hippocampus_right,13,48,0.5500467419624329
6,hippocampus_right,13,49,0.5378651022911072
6,hippocampus_right,13,50,0.5331440567970276
6,hippocampus_right,13,51,0.5246012210845947
6,hippocampus_right,13,52,0.522301971912384
6,hippocampus_right,13,53,0.5041033029556274
6,hippocampus_right,13,54,0.4996977150440216
6,hippocampus_right,13,55,0.48902881145477295
6,hippocampus_right,13,56,0.4840165376663208
6,hippocampus_right,13,57,0.4861207902431488
6,hippocampus_right,13,58,0.4822556972503662
6,hippocampus_right,13,59,0.48897263407707214
6,hippocampus_right,13,60,0.5043642520904541
6,hippocampus_right,13,61,0.4777694344520569
6,hippocampus_right,13,62,0.48813673853874207
6,hippocampus_right,13,63,0.4852544367313385
6,hippocampus_right,13,64,0.485258549451828
6,hippocampus_right,13,65,0.4759843051433563
6,hippocampus_right,13,66,0.4594520032405853
6,hippocampus_right,13,67,0.45641016960144043
6,hippocampus_right,13,68,0.4517141878604889
6,hippocampus_right,13,69,0.4391043782234192
6,hippocampus_right,13,70,0.43320274353027344
6,hippocampus_right,13,71,0.41989582777023315
6,hippocampus_right,13,72,0.4163505434989929
6,hippocampus_right,13,73,0.4039119780063629
6,hippocampus_right,13,74,0.40991806983947754
6,hippocampus_right,13,75,0.40464261174201965
6,hippocampus_right,13,76,0.4032159447669983
6,hippocampus_right,13,77,0.4239211082458496
6,hippocampus_right,13,78,0.4029676914215088
6,hippocampus_right,13,79,0.407731294631958
6,hippocampus_right,13,80,0.4136742949485779
6,hippocampus_right,13,81,0.38876888155937195
6,hippocampus_right,13,82,0.40424996614456177
6,hippocampus_right,13,83,0.3885202705860138
6,hippocampus_right,13,84,0.3753722310066223
6,hippocampus_right,13,85,0.3802494704723358
6,hippocampus_right,13,86,0.36444157361984253
6,hippocampus_right,13,87,0.366393119096756
6,hippocampus_right,13,88,0.3588378131389618
6,hippocampus_right,13,89,0.3471674919128418
6,hippocampus_right,13,90,0.36579567193984985
6,hippocampus_right,13,91,0.3638857901096344
6,hippocampus_right,13,92,0.3667009770870209
6,hippocampus_right,13,93,0.3558852970600128
6,hippocampus_right,13,94,0.3501201570034027
6,hippocampus_right,13,95,0.3339066505432129
6,hippocampus_right,13,96,0.33398962020874023
6,hippocampus_right,13,97,0.3406037986278534
6,hippocampus_right,13,98,0.34069979190826416
6,hippocampus_right,13,99,0.32635992765426636
6,hippocampus_right,13,100,0.32504820823669434
6,hippocampus_left,14,1,1.1824941635131836
6,hippocampus_left,14,2,0.9831339120864868
6,hippocampus_left,14,3,0.9224592447280884
6,hippocampus_left,14,4,0.8955838680267334
6,hippocampus_left,14,5,0.8794998526573181
6,hippocampus_left,14,6,0.8643303513526917
6,hippocampus_left,14,7,0.8463644981384277
6,hippocampus_left,14,8,0.8314406275749207
6,hippocampus_left,14,9,0.818507969379425
6,hippocampus_left,14,10,0.8083702325820923
6,hippocampus_left,14,11,0.7928138971328735
6,hippocampus_left,14,12,0.7846445441246033
6,hippocampus_left,14,13,0.7744836211204529
6,hippocampus_left,14,14,0.7688157558441162
6,hippocampus_left,14,15,0.7655209898948669
6,hippocampus_left,14,16,0.7643912434577942
6,hippocampus_left,14,17,0.7556353211402893
6,hippocampus_left,14,18,0.7427202463150024
6,hippocampus_left,14,19,0.7299571633338928
6,hippocampus_left,14,20,0.7241308689117432
6,hippocampus_left,14,21,0.7200245261192322
6,hippocampus_left,14,22,0.707878589630127
6,hippocampus_left,14,23,0.6985703110694885
6,hippocampus_left,14,24,0.6897861957550049
6,hippocampus_left,14,25,0.6785770058631897
6,hippocampus_left,14,26,0.6649376153945923
6,hippocampus_left,14,27,0.6594226956367493
6,hippocampus_left,14,28,0.6511415243148804
6,hippocampus_left,14,29,0.6400681138038635
6,hippocampus_left,14,30,0.640973687171936
6,hippocampus_left,14,31,0.6502161622047424
6,hippocampus_left,14,32,0.6522156000137329
6,hippocampus_left,14,33,0.6512027978897095
6,hippocampus_left,14,34,0.6508417129516602
6,hippocampus_left,14,35,0.6332108974456787
6,hippocampus_left,14,36,0.6318691968917847
6,hippocampus_left,14,37,0.6275080442428589
6,hippocampus_left,14,38,0.6162160634994507
6,hippocampus_left,14,39,0.6088354587554932
6,hippocampus_left,14,40,0.592741847038269
6,hippocampus_left,14,41,0.5883002877235413
6,hippocampus_left,14,42,0.579463541507721
6,hippocampus_left,14,43,0.5635144114494324
6,hippocampus_left,14,44,0.5535868406295776
6,hippocampus_left,14,45,0.5448198318481445
6,hippocampus_left,14,46,0.5387576222419739
6,hippocampus_left,14,47,0.533888041973114
6,hippocampus_left,14,48,0.5319892168045044
6,hippocampus_left,14,49,0.525940477848053
6,hippocampus_left,14,50,0.5394370555877686
6,hippocampus_left,14,51,0.5305588245391846
6,hippocampus_left,14,52,0.5332485437393188
6,hippocampus_left,14,53,0.5253836512565613
6,hippocampus_left,14,54,0.519479513168335
6,hippocampus_left,14,55,0.5078741312026978
6,hippocampus_left,14,56,0.5045468211174011
6,hippocampus_left,14,57,0.5000499486923218
6,hippocampus_left,14,58,0.5006353855133057
6,hippocampus_left,14,59,0.48592838644981384
6,hippocampus_left,14,60,0.48384666442871094
6,hippocampus_left,14,61,0.469868004322052
6,hippocampus_left,14,62,0.4594951570034027
6,hippocampus_left,14,63,0.460993230342865
6,hippocampus_left,14,64,0.4520139992237091
6,hippocampus_left,14,65,0.4507671594619751
6,hippocampus_left,14,66,0.45051372051239014
6,hippocampus_left,14,67,0.43858927488327026
6,hippocampus_left,14,68,0.4349071681499481
6,hippocampus_left,14,69,0.447527140378952
6,hippocampus_left,14,70,0.45615214109420776
6,hippocampus_left,14,71,0.4408641457557678
6,hippocampus_left,14,72,0.4378246068954468
6,hippocampus_left,14,73,0.4457472860813141
6,hippocampus_left,14,74,0.4316568076610565
6,hippocampus_left,14,75,0.4155614376068115
6,hippocampus_left,14,76,0.4067181646823883
6,hippocampus_left,14,77,0.4021213948726654
6,hippocampus_left,14,78,0.3989206850528717
6,hippocampus_left,14,79,0.39251819252967834
6,hippocampus_left,14,80,0.3919907212257385
6,hippocampus_left,14,81,0.39042675495147705
6,hippocampus_left,14,82,0.38923022150993347
6,hippocampus_left,14,83,0.3775182068347931
6,hippocampus_left,14,84,0.37806835770606995
6,hippocampus_left,14,85,0.38713502883911133
6,hippocampus_left,14,86,0.3836563229560852
6,hippocampus_left,14,87,0.3764380216598511
6,hippocampus_left,14,88,0.3706093728542328
6,hippocampus_left,14,89,0.36711522936820984
6,hippocampus_left,14,90,0.3714292049407959
6,hippocampus_left,14,91,0.3719494342803955
6,hippocampus_left,14,92,0.3556715250015259
6,hippocampus_left,14,93,0.354714035987854
6,hippocampus_left,14,94,0.36178794503211975
6,hippocampus_left,14,95,0.3625677824020386
6,hippocampus_left,14,96,0.35242316126823425
6,hippocampus_left,14,97,0.359671950340271
6,hippocampus_left,14,98,0.34967657923698425
6,hippocampus_left,14,99,0.3329307734966278
6,hippocampus_left,14,100,0.3369213342666626
6,ventricle_right,17,1,1.1275080442428589
6,ventricle_right,17,2,0.9447707533836365
6,ventricle_right,17,3,0.8923391103744507
6,ventricle_right,17,4,0.8860862851142883
6,ventricle_right,17,5,0.8482555747032166
6,ventricle_right,17,6,0.8419581055641174
6,ventricle_right,17,7,0.8288132548332214
6,ventricle_right,17,8,0.8175261616706848
6,ventricle_right,17,9,0.8042767643928528
6,ventricle_right,17,10,0.791233241558075
6,ventricle_right,17,11,0.7783045768737793
6,ventricle_right,17,12,0.7730054259300232
6,ventricle_right,17,13,0.7617557048797607
6,ventricle_right,17,14,0.7460408806800842
6,ventricle_right,17,15,0.7383942604064941
6,ventricle_right,17,16,0.7289508581161499
6,ventricle_right,17,17,0.717100203037262
6,ventricle_right,17,18,0.7106465101242065
6,ventricle_right,17,19,0.6959409713745117
6,ventricle_right,17,20,0.6909573078155518
6,ventricle_right,17,21,0.6787165999412537
6,ventricle_right,17,22,0.6770936846733093
6,ventricle_right,17,23,0.6725053787231445
6,ventricle_right,17,24,0.6749081611633301
6,ventricle_right,17,25,0.6524957418441772
6,ventricle_right,17,26,0.6496206521987915
6,ventricle_right,17,27,0.6452997922897339
6,ventricle_right,17,28,0.6336529850959778
6,ventricle_right,17,29,0.6434499621391296
6,ventricle_right,17,30,0.6366637945175171
6,ventricle_right,17,31,0.6334207653999329
6,ventricle_right,17,32,0.6205952763557434
6,ventricle_right,17,33,0.6055938601493835
6,ventricle_right,17,34,0.5938475728034973
6,ventricle_right,17,35,0.5869712829589844
6,ventricle_right,17,36,0.5723883509635925
6,ventricle_right,17,37,0.5575739741325378
6,ventricle_right,17,38,0.5549339652061462
6,ventricle_right,17,39,0.5481837391853333
6,ventricle_right,17,40,0.5487593412399292
6,ventricle_right,17,41,0.537987470626831
6,ventricle_right,17,42,0.5404791831970215
6,ventricle_right,17,43,0.5333259701728821
6,ventricle_right,17,44,0.5212025046348572
6,ventricle_right,17,45,0.518004298210144
6,ventricle_right,17,46,0.511407732963562
6,ventricle_right,17,47,0.49771279096603394
6,ventricle_right,17,48,0.49076005816459656
6,ventricle_right,17,49,0.4903111159801483
6,ventricle_right,17,50,0.48455536365509033
6,ventricle_right,17,51,0.4803656041622162
6,ventricle_right,17,52,0.47131848335266113
6,ventricle_right,17,53,0.46563205122947693
6,ventricle_right,17,54,0.46529316902160645
6,ventricle_right,17,55,0.4611048400402069
6,ventricle_right,17,56,0.44714295864105225
6,ventricle_right,17,57,0.42942091822624207
6,ventricle_right,17,58,0.4288034439086914
6,ventricle_right,17,59,0.4239731729030609
6,ventricle_right,17,60,0.41362422704696655
6,ventricle_right,17,61,0.4023246467113495
6,ventricle_right,17,62,0.40061166882514954
6,ventricle_right,17,63,0.3857954144477844
6,ventricle_right,17,64,0.37900519371032715
6,ventricle_right,17,65,0.3714676797389984
6,ventricle_right,17,66,0.3642284870147705
6,ventricle_right,17,67,0.3616156578063965
6,ventricle_right,17,68,0.3582363724708557
6,ventricle_right,17,69,0.3520191013813019
6,ventricle_right,17,70,0.37136611342430115
6,ventricle_right,17,71,0.3711625635623932
6,ventricle_right,17,72,0.36905866861343384
6,ventricle_right,17,73,0.36646318435668945
6,ventricle_right,17,74,0.3400236964225769
6,ventricle_right,17,75,0.3354250490665436
6,ventricle_right,17,76,0.3116563856601715
6,ventricle_right,17,77,0.3167191445827484
6,ventricle_right,17,78,0.3191784918308258
6,ventricle_right,17,79,0.32077541947364807
6,ventricle_right,17,80,0.30443528294563293
6,ventricle_right,17,81,0.305663138628006
6,ventricle_right,17,82,0.30250853300094604
6,ventricle_right,17,83,0.2869442105293274
6,ventricle_right,17,84,0.28304585814476013
6,ventricle_right,17,85,0.2898767292499542
6,ventricle_right,17,86,0.26489779353141785
6,ventricle_right,17,87,0.2693178355693817
6,ventricle_right,17,88,0.2646430730819702
6,ventricle_right,17,89,0.26157209277153015
6,ventricle_right,17,90,0.25871115922927856
6,ventricle_right,17,91,0.25523725152015686
6,ventricle_right,17,92,0.2532813847064972
6,ventricle_right,17,93,0.25823864340782166
6,ventricle_right,17,94,0.2537628412246704
6,ventricle_right,17,95,0.24991482496261597
6,ventricle_right,17,96,0.2365305870771408
6,ventricle_right,17,97,0.23391443490982056
6,ventricle_right,17,98,0.2223520427942276
6,ventricle_right,17,99,0.20943957567214966
6,ventricle_right,17,100,0.22118277847766876
6,ventricle_left,18,1,1.202575445175171
6,ventricle_left,18,2,1.000331997871399
6,ventricle_left,18,3,0.9315714836120605
6,ventricle_left,18,4,0.880339503288269
6,ventricle_left,18,5,0.8586286902427673
6,ventricle_left,18,6,0.8421744108200073
6,ventricle_left,18,7,0.8303400278091431
6,ventricle_left,18,8,0.8170914053916931
6,ventricle_left,18,9,0.8043212890625
6,ventricle_left,18,10,0.7954319715499878
6,ventricle_left,18,11,0.7897246479988098
6,ventricle_left,18,12,0.7780597805976868
6,ventricle_left,18,13,0.7689002752304077
6,ventricle_left,18,14,0.7544081211090088
6,ventricle_left,18,15,0.7429336309432983
6,ventricle_left,18,16,0.7427397966384888
6,ventricle_left,18,17,0.7448111772537231
6,ventricle_left,18,18,0.7234652042388916
6,ventricle_left,18,19,0.7168029546737671
6,ventricle_left,18,20,0.7064489722251892
6,ventricle_left,18,21,0.6956143975257874
6,ventricle_left,18,22,0.6889605522155762
6,ventricle_left,18,23,0.6755823493003845
6,ventricle_left,18,24,0.6694207787513733
6,ventricle_left,18,25,0.6649744510650635
6,ventricle_left,18,26,0.6611525416374207
6,ventricle_left,18,27,0.6482374668121338
6,ventricle_left,18,28,0.6365095376968384
6,ventricle_left,18,29,0.6229676604270935
6,ventricle_left,18,30,0.615293025970459
6,ventricle_left,18,31,0.600179135799408
6,ventricle_left,18,32,0.590316653251648
6,ventricle_left,18,33,0.5802766680717468
6,ventricle_left,18,34,0.5718114972114563
6,ventricle_left,18,35,0.562245786190033
6,ventricle_left,18,36,0.563890814781189
6,ventricle_left,18,37,0.5618628263473511
6,ventricle_left,18,38,0.5735506415367126
6,ventricle_left,18,39,0.5704230070114136
6,ventricle_left,18,40,0.5709431171417236
6,ventricle_left,18,41,0.5739865303039551
6,ventricle_left,18,42,0.5759313106536865
6,ventricle_left,18,43,0.5521261692047119
6,ventricle_left,18,44,0.533796489238739
6,ventricle_left,18,45,0.5198242664337158
6,ventricle_left,18,46,0.517436683177948
6,ventricle_left,18,47,0.5057187080383301
6,ventricle_left,18,48,0.4939955770969391
6,ventricle_left,18,49,0.48979148268699646
6,ventricle_left,18,50,0.4748222231864929
6,ventricle_left,18,51,0.4680927097797394
6,ventricle_left,18,52,0.46098509430885315
6,ventricle_left,18,53,0.45152801275253296
6,ventricle_left,18,54,0.4469807744026184
6,ventricle_left,18,55,0.4565041661262512
6,ventricle_left,18,56,0.4608420729637146
6,ventricle_left,18,57,0.4507816731929779
6,ventricle_left,18,58,0.44404229521751404
6,ventricle_left,18,59,0.4314141273498535
6,ventricle_left,18,60,0.42913568019866943
6,ventricle_left,18,61,0.43097811937332153
6,ventricle_left,18,62,0.41845273971557617
6,ventricle_left,18,63,0.41545554995536804
6,ventricle_left,18,64,0.39697667956352234
6,ventricle_left,18,65,0.38901928067207336
6,ventricle_left,18,66,0.3787921071052551
6,ventricle_left,18,67,0.36906853318214417
6,ventricle_left,18,68,0.3724265992641449
6,ventricle_left,18,69,0.3639127016067505
6,ventricle_left,18,70,0.3662436306476593
6,ventricle_left,18,71,0.3533989191055298
6,ventricle_left,18,72,0.3483564853668213
6,ventricle_left,18,73,0.33776283264160156
6,ventricle_left,18,74,0.32529255747795105
6,ventricle_left,18,75,0.3200557231903076
6,ventricle_left,18,76,0.31480589509010315
6,ventricle_left,18,77,0.30991435050964355
6,ventricle_left,18,78,0.3039264678955078
6,ventricle_left,18,79,0.2935895323753357
6,ventricle_left,18,80,0.29688191413879395
6,ventricle_left,18,81,0.2914413511753082
6,ventricle_left,18,82,0.28864631056785583
6,ventricle_left,18,83,0.2871732711791992
6,ventricle_left,18,84,0.2797989845275879
6,ventricle_left,18,85,0.28039050102233887
6,ventricle_left,18,86,0.2777116894721985
6,ventricle_left,18,87,0.2728063464164734
6,ventricle_left,18,88,0.27161291241645813
6,ventricle_left,18,89,0.2728829085826874
6,ventricle_left,18,90,0.26514267921447754
6,ventricle_left,18,91,0.25539538264274597
6,ventricle_left,18,92,0.25291842222213745
6,ventricle_left,18,93,0.24632950127124786
6,ventricle_left,18,94,0.23589392006397247
6,ventricle_left,18,95,0.22536079585552216
6,ventricle_left,18,96,0.23044317960739136
6,ventricle_left,18,97,0.2316247820854187
6,ventricle_left,18,98,0.21707122027873993
6,ventricle_left,18,99,0.2220146507024765
6,ventricle_left,18,100,0.23529978096485138
7,hippocampus_right,13,1,1.1611169576644897
7,hippocampus_right,13,2,1.0283219814300537
7,hippocampus_right,13,3,0.9485292434692383
7,hippocampus_right,13,4,0.8895480036735535
7,hippocampus_right,13,5,0.8700128197669983
7,hippocampus_right,13,6,0.8540673851966858
7,hippocampus_right,13,7,0.838371992111206
7,hippocampus_right,13,8,0.8264200687408447
7,hippocampus_right,13,9,0.8174092173576355
7,hippocampus_right,13,10,0.8054125905036926
7,hippocampus_right,13,11,0.7954089045524597
7,hippocampus_right,13,12,0.7822607159614563
7,hippocampus_right,13,13,0.7767922878265381
7,hippocampus_right,13,14,0.7733758091926575
7,hippocampus_right,13,15,0.7595893144607544
7,hippocampus_right,13,16,0.7515032291412354
7,hippocampus_right,13,17,0.7435128688812256
7,hippocampus_right,13,18,0.7358922362327576
7,hippocampus_right,13,19,0.7351926565170288
7,hippocampus_right,13,20,0.7328959703445435
7,hippocampus_right,13,21,0.7319039702415466
7,hippocampus_right,13,22,0.7166759371757507
7,hippocampus_right,13,23,0.7040567994117737
7,hippocampus_right,13,24,0.6868646144866943
7,hippocampus_right,13,25,0.6751510500907898
7,hippocampus_right,13,26,0.6653628349304199
7,hippocampus_right,13,27,0.6592102646827698
7,hippocampus_right,13,28,0.6486396193504333
7,hippocampus_right,13,29,0.6367989182472229
7,hippocampus_right,13,30,0.6341323256492615
7,hippocampus_right,13,31,0.625384509563446
7,hippocampus_right,13,32,0.6197980642318726
7,hippocampus_right,13,33,0.6186704635620117
7,hippocampus_right,13,34,0.6188327074050903
7,hippocampus_right,13,35,0.6255338191986084
7,hippocampus_right,13,36,0.6535695195198059
7,hippocampus_right,13,37,0.6486549973487854
7,hippocampus_right,13,38,0.6310084462165833
7,hippocampus_right,13,39,0.6163783073425293
7,hippocampus_right,13,40,0.5845288634300232
7,hippocampus_right,13,41,0.5755615830421448
7,hippocampus_right,13,42,0.5701812505722046
7,hippocampus_right,13,43,0.5607424378395081
7,hippocampus_right,13,44,0.5528730154037476
7,hippocampus_right,13,45,0.5430981516838074
7,hippocampus_right,13,46,0.5377568006515503
7,hippocampus_right,13,47,0.5422064065933228
7,hippocampus_right,13,48,0.5356215834617615
7,hippocampus_right,13,49,0.5250661969184875
7,hippocampus_right,13,50,0.5166656374931335
7,hippocampus_right,13,51,0.5077850222587585
7,hippocampus_right,13,52,0.5055289268493652
7,hippocampus_right,13,53,0.4976809620857239
7,hippocampus_right,13,54,0.4945216178894043
7,hippocampus_right,13,55,0.4886729419231415
7,hippocampus_right,13,56,0.4932868480682373
7,hippocampus_right,13,57,0.51302170753479
7,hippocampus_right,13,58,0.5020144581794739
7,hippocampus_right,13,59,0.514738917350769
7,hippocampus_right,13,60,0.4835243225097656
7,hippocampus_right,13,61,0.5050827860832214
7,hippocampus_right,13,62,0.5015700459480286
7,hippocampus_right,13,63,0.48814627528190613
7,hippocampus_right,13,64,0.48429909348487854
7,hippocampus_right,13,65,0.47289788722991943
7,hippocampus_right,13,66,0.45461422204971313
7,hippocampus_right,13,67,0.46391379833221436
7,hippocampus_right,13,68,0.45111653208732605
7,hippocampus_right,13,69,0.43336451053619385
7,hippocampus_right,13,70,0.4295547902584076
7,hippocampus_right,13,71,0.4247444272041321
7,hippocampus_right,13,72,0.42324164509773254
7,hippocampus_right,13,73,0.40972185134887695
7,hippocampus_right,13,74,0.4134092330932617
7,hippocampus_right,13,75,0.4028054177761078
7,hippocampus_right,13,76,0.4108750522136688
7,hippocampus_right,13,77,0.3938712477684021
7,hippocampus_right,13,78,0.4019932150840759
7,hippocampus_right,13,79,0.3941936492919922
7,hippocampus_right,13,80,0.39544472098350525
7,hippocampus_right,13,81,0.39557355642318726
7,hippocampus_right,13,82,0.3794228434562683
7,hippocampus_right,13,83,0.3804270923137665
7,hippocampus_right,13,84,0.3821902275085449
7,hippocampus_right,13,85,0.37252888083457947
7,hippocampus_right,13,86,0.3858719766139984
7,hippocampus_right,13,87,0.37871164083480835
7,hippocampus_right,13,88,0.3954057991504669
7,hippocampus_right,13,89,0.3888508379459381
7,hippocampus_right,13,90,0.37129494547843933
7,hippocampus_right,13,91,0.36580100655555725
7,hippocampus_right,13,92,0.36101266741752625
7,hippocampus_right,13,93,0.3539520800113678
7,hippocampus_right,13,94,0.3544389605522156
7,hippocampus_right,13,95,0.35826459527015686
7,hippocampus_right,13,96,0.3509099781513214
7,hippocampus_right,13,97,0.3646179139614105
7,hippocampus_right,13,98,0.39467066526412964
7,hippocampus_right,13,99,0.37690117955207825
7,hippocampus_right,13,100,0.3693668842315674
7,hippocampus_left,14,1,1.1967774629592896
7,hippocampus_left,14,2,1.0531339645385742
7,hippocampus_left,14,3,0.9509237408638
7,hippocampus_left,14,4,0.9177095293998718
7,hippocampus_left,14,5,0.8919615149497986
7,hippocampus_left,14,6,0.85932457447052
7,hippocampus_left,14,7,0.8448396325111389
7,hippocampus_left,14,8,0.8324739933013916
7,hippocampus_left,14,9,0.8184550404548645
7,hippocampus_left,14,10,0.8061681985855103
7,hippocampus_left,14,11,0.7994340658187866
7,hippocampus_left,14,12,0.7925603985786438
7,hippocampus_left,14,13,0.7826513648033142
7,hippocampus_left,14,14,0.7740948796272278
7,hippocampus_left,14,15,0.7712199091911316
7,hippocampus_left,14,16,0.7702894806861877
7,hippocampus_left,14,17,0.77040034532547
7,hippocampus_left,14,18,0.7570376992225647
7,hippocampus_left,14,19,0.7428460121154785
7,hippocampus_left,14,20,0.734169602394104
7,hippocampus_left,14,21,0.7251043319702148
7,hippocampus_left,14,22,0.7129554748535156
7,hippocampus_left,14,23,0.70378577709198
7,hippocampus_left,14,24,0.6966977715492249
7,hippocampus_left,14,25,0.6860946416854858
7,hippocampus_left,14,26,0.6773479580879211
7,hippocampus_left,14,27,0.6728255152702332
7,hippocampus_left,14,28,0.6624743342399597
7,hippocampus_left,14,29,0.6603785753250122
7,hippocampus_left,14,30,0.6485573053359985
7,hippocampus_left,14,31,0.638136088848114
7,hippocampus_left,14,32,0.6242572665214539
7,hippocampus_left,14,33,0.6199603080749512
7,hippocampus_left,14,34,0.6119644045829773
7,hippocampus_left,14,35,0.6104887127876282
7,hippocampus_left,14,36,0.5985119342803955
7,hippocampus_left,14,37,0.6017913818359375
7,hippocampus_left,14,38,0.5975944995880127
7,hippocampus_left,14,39,0.59527587890625
7,hippocampus_left,14,40,0.6002514362335205
7,hippocampus_left,14,41,0.5864948034286499
7,hippocampus_left,14,42,0.5891886353492737
7,hippocampus_left,14,43,0.5721890926361084
7,hippocampus_left,14,44,0.5583648681640625
7,hippocampus_left,14,45,0.5525410771369934
7,hippocampus_left,14,46,0.5494231581687927
7,hippocampus_left,14,47,0.5399910807609558
7,hippocampus_left,14,48,0.5289756655693054
7,hippocampus_left,14,49,0.5231757164001465
7,hippocampus_left,14,50,0.5264438986778259
7,hippocampus_left,14,51,0.5113251209259033
7,hippocampus_left,14,52,0.5098860859870911
7,hippocampus_left,14,53,0.49736398458480835
7,hippocampus_left,14,54,0.49094441533088684
7,hippocampus_left,14,55,0.4902523458003998
7,hippocampus_left,14,56,0.4789750576019287
7,hippocampus_left,14,57,0.4751342236995697
7,hippocampus_left,14,58,0.4802570641040802
7,hippocampus_left,14,59,0.47890859842300415
7,hippocampus_left,14,60,0.4626017212867737
7,hippocampus_left,14,61,0.47039273381233215
7,hippocampus_left,14,62,0.4663667380809784
7,hippocampus_left,14,63,0.4515966773033142
7,hippocampus_left,14,64,0.4592297077178955
7,hippocampus_left,14,65,0.4708560109138489
7,hippocampus_left,14,66,0.4790720045566559
7,hippocampus_left,14,67,0.4685090184211731
7,hippocampus_left,14,68,0.4553810656070709
7,hippocampus_left,14,69,0.4521191120147705
7,hippocampus_left,14,70,0.44229626655578613
7,hippocampus_left,14,71,0.4388112425804138
7,hippocampus_left,14,72,0.43624889850616455
7,hippocampus_left,14,73,0.419156551361084
7,hippocampus_left,14,74,0.41534680128097534
7,hippocampus_left,14,75,0.408211886882782
7,hippocampus_left,14,76,0.41075053811073303
7,hippocampus_left,14,77,0.4158332049846649
7,hippocampus_left,14,78,0.42472368478775024
7,hippocampus_left,14,79,0.4249114692211151
7,hippocampus_left,14,80,0.40815258026123047
7,hippocampus_left,14,81,0.4045338034629822
7,hippocampus_left,14,82,0.39710089564323425
7,hippocampus_left,14,83,0.402823805809021
7,hippocampus_left,14,84,0.3961039185523987
7,hippocampus_left,14,85,0.3900972902774811
7,hippocampus_left,14,86,0.3811189532279968
7,hippocampus_left,14,87,0.381146639585495
7,hippocampus_left,14,88,0.38225311040878296
7,hippocampus_left,14,89,0.381437748670578
7,hippocampus_left,14,90,0.4016738533973694
7,hippocampus_left,14,91,0.38842684030532837
7,hippocampus_left,14,92,0.36868569254875183
7,hippocampus_left,14,93,0.36161020398139954
7,hippocampus_left,14,94,0.3610878884792328
7,hippocampus_left,14,95,0.35072439908981323
7,hippocampus_left,14,96,0.3304561376571655
7,hippocampus_left,14,97,0.3220131993293762
7,hippocampus_left,14,98,0.3269333839416504
7,hippocampus_left,14,99,0.33497247099876404
7,hippocampus_left,14,100,0.3349446952342987
7,ventricle_right,17,1,1.2690047025680542
7,ventricle_right,17,2,1.055816888809204
7,ventricle_right,17,3,0.9226886034011841
7,ventricle_right,17,4,0.9109669923782349
7,ventricle_right,17,5,0.8725638389587402
7,ventricle_right,17,6,0.86378413438797
7,ventricle_right,17,7,0.8473216891288757
7,ventricle_right,17,8,0.8251969218254089
7,ventricle_right,17,9,0.8211759328842163
7,ventricle_right,17,10,0.8094414472579956
7,ventricle_right,17,11,0.8006584644317627
7,ventricle_right,17,12,0.7965695858001709
7,ventricle_right,17,13,0.7801195383071899
7,ventricle_right,17,14,0.7701471447944641
7,ventricle_right,17,15,0.7562187314033508
7,ventricle_right,17,16,0.7481649518013
7,ventricle_right,17,17,0.7398928999900818
7,ventricle_right,17,18,0.7313759922981262
7,ventricle_right,17,19,0.7260925769805908
7,ventricle_right,17,20,0.721073567867279
7,ventricle_right,17,21,0.7076534032821655
7,ventricle_right,17,22,0.7040208578109741
7,ventricle_right,17,23,0.7159979939460754
7,ventricle_right,17,24,0.6880152225494385
7,ventricle_right,17,25,0.6920026540756226
7,ventricle_right,17,26,0.6839252710342407
7,ventricle_right,17,27,0.6609695553779602
7,ventricle_right,17,28,0.6500758528709412
7,ventricle_right,17,29,0.6356855630874634
7,ventricle_right,17,30,0.6276757717132568
7,ventricle_right,17,31,0.6176794171333313
7,ventricle_right,17,32,0.6166756749153137
7,ventricle_right,17,33,0.6057465672492981
7,ventricle_right,17,34,0.5943368673324585
7,ventricle_right,17,35,0.5865574479103088
7,ventricle_right,17,36,0.579179584980011
7,ventricle_right,17,37,0.5831601023674011
7,ventricle_right,17,38,0.5632609724998474
7,ventricle_right,17,39,0.5623330473899841
7,ventricle_right,17,40,0.5514137744903564
7,ventricle_right,17,41,0.5369011759757996
7,ventricle_right,17,42,0.5223214030265808
7,ventricle_right,17,43,0.5207382440567017
7,ventricle_right,17,44,0.5160399675369263
7,ventricle_right,17,45,0.5152931809425354
7,ventricle_right,17,46,0.5126056671142578
7,ventricle_right,17,47,0.5282400846481323
7,ventricle_right,17,48,0.5207713842391968
7,ventricle_right,17,49,0.5127387642860413
7,ventricle_right,17,50,0.5134389400482178
7,ventricle_right,17,51,0.493752658367157
7,ventricle_right,17,52,0.474715918302536
7,ventricle_right,17,53,0.45714229345321655
7,ventricle_right,17,54,0.4481297731399536
7,ventricle_right,17,55,0.4515497088432312
7,ventricle_right,17,56,0.44000616669654846
7,ventricle_right,17,57,0.4364108145236969
7,ventricle_right,17,58,0.4371592104434967
7,ventricle_right,17,59,0.4454699754714966
7,ventricle_right,17,60,0.44090643525123596
7,ventricle_right,17,61,0.43841618299484253
7,ventricle_right,17,62,0.41885054111480713
7,ventricle_right,17,63,0.43988990783691406
7,ventricle_right,17,64,0.42613422870635986
7,ventricle_right,17,65,0.41259366273880005
7,ventricle_right,17,66,0.41171199083328247
7,ventricle_right,17,67,0.39939674735069275
7,ventricle_right,17,68,0.38746175169944763
7,ventricle_right,17,69,0.38133707642555237
7,ventricle_right,17,70,0.3680342733860016
7,ventricle_right,17,71,0.35894107818603516
7,ventricle_right,17,72,0.3539094924926758
7,ventricle_right,17,73,0.3433856964111328
7,ventricle_right,17,74,0.3416203260421753
7,ventricle_right,17,75,0.3418838679790497
7,ventricle_right,17,76,0.34062549471855164
7,ventricle_right,17,77,0.34647321701049805
7,ventricle_right,17,78,0.35780104994773865
7,ventricle_right,17,79,0.3608318269252777
7,ventricle_right,17,80,0.35598108172416687
7,ventricle_right,17,81,0.3678458034992218
7,ventricle_right,17,82,0.3404124081134796
7,ventricle_right,17,83,0.33403876423835754
7,ventricle_right,17,84,0.3339041769504547
7,ventricle_right,17,85,0.3128054440021515
7,ventricle_right,17,86,0.3081464171409607
7,ventricle_right,17,87,0.2989969253540039
7,ventricle_right,17,88,0.28646230697631836
7,ventricle_right,17,89,0.30369138717651367
7,ventricle_right,17,90,0.2733873426914215
7,ventricle_right,17,91,0.28030118346214294
7,ventricle_right,17,92,0.2978118062019348
7,ventricle_right,17,93,0.27789172530174255
7,ventricle_right,17,94,0.2806622385978699
7,ventricle_right,17,95,0.26907333731651306
7,ventricle_right,17,96,0.25995132327079773
7,ventricle_right,17,97,0.24406811594963074
7,ventricle_right,17,98,0.2711104452610016
7,ventricle_right,17,99,0.2727770507335663
7,ventricle_right,17,100,0.264168918132782
7,ventricle_left,18,1,1.2294689416885376
7,ventricle_left,18,2,1.034243106842041
7,ventricle_left,18,3,0.9233755469322205
7,ventricle_left,18,4,0.8883494138717651
7,ventricle_left,18,5,0.8759872913360596
7,ventricle_left,18,6,0.85468989610672
7,ventricle_left,18,7,0.8445531725883484
7,ventricle_left,18,8,0.8280061483383179
7,ventricle_left,18,9,0.8211817741394043
7,ventricle_left,18,10,0.8082770705223083
7,ventricle_left,18,11,0.7929327487945557
7,ventricle_left,18,12,0.7838496565818787
7,ventricle_left,18,13,0.7731685042381287
7,ventricle_left,18,14,0.7562744617462158
7,ventricle_left,18,15,0.7491211295127869
7,ventricle_left,18,16,0.7414597272872925
7,ventricle_left,18,17,0.7338408827781677
7,ventricle_left,18,18,0.7313172817230225
7,ventricle_left,18,19,0.7244858145713806
7,ventricle_left,18,20,0.7100135087966919
7,ventricle_left,18,21,0.6953498721122742
7,ventricle_left,18,22,0.6876673698425293
7,ventricle_left,18,23,0.676069438457489
7,ventricle_left,18,24,0.6722335815429688
7,ventricle_left,18,25,0.6633893251419067
7,ventricle_left,18,26,0.6621654629707336
7,ventricle_left,18,27,0.6469939351081848
7,ventricle_left,18,28,0.6397241353988647
7,ventricle_left,18,29,0.629340410232544
7,ventricle_left,18,30,0.611753523349762
7,ventricle_left,18,31,0.6074371933937073
7,ventricle_left,18,32,0.5929802656173706
7,ventricle_left,18,33,0.5818465352058411
7,ventricle_left,18,34,0.5782516598701477
7,ventricle_left,18,35,0.5772315859794617
7,ventricle_left,18,36,0.5729514360427856
7,ventricle_left,18,37,0.5765649676322937
7,ventricle_left,18,38,0.5757598876953125
7,ventricle_left,18,39,0.5741328001022339
7,ventricle_left,18,40,0.5668938755989075
7,ventricle_left,18,41,0.5597614049911499
7,ventricle_left,18,42,0.5637388229370117
7,ventricle_left,18,43,0.5465642213821411
7,ventricle_left,18,44,0.5466486215591431
7,ventricle_left,18,45,0.5306380391120911
7,ventricle_left,18,46,0.5217834115028381
7,ventricle_left,18,47,0.5143939256668091
7,ventricle_left,18,48,0.4966390132904053
7,ventricle_left,18,49,0.48405152559280396
7,ventricle_left,18,50,0.47985342144966125
7,ventricle_left,18,51,0.47309938073158264
7,ventricle_left,18,52,0.4598918557167053
7,ventricle_left,18,53,0.46014395356178284
7,ventricle_left,18,54,0.4605993628501892
7,ventricle_left,18,55,0.4631127119064331
7,ventricle_left,18,56,0.4492539167404175
7,ventricle_left,18,57,0.45084822177886963
7,ventricle_left,18,58,0.4492652416229248
7,ventricle_left,18,59,0.4401056170463562
7,ventricle_left,18,60,0.43117767572402954
7,ventricle_left,18,61,0.4312412142753601
7,ventricle_left,18,62,0.41696697473526
7,ventricle_left,18,63,0.41052186489105225
7,ventricle_left,18,64,0.3982046842575073
7,ventricle_left,18,65,0.3899473547935486
7,ventricle_left,18,66,0.38713106513023376
7,ventricle_left,18,67,0.3832891285419464
7,ventricle_left,18,68,0.37444761395454407
7,ventricle_left,18,69,0.36893031001091003
7,ventricle_left,18,70,0.3671664595603943
7,ventricle_left,18,71,0.37378042936325073
7,ventricle_left,18,72,0.37294766306877136
7,ventricle_left,18,73,0.3804205656051636
7,ventricle_left,18,74,0.3579161465167999
7,ventricle_left,18,75,0.35765743255615234
7,ventricle_left,18,76,0.33615177869796753
7,ventricle_left,18,77,0.33366280794143677
7,ventricle_left,18,78,0.31994232535362244
7,ventricle_left,18,79,0.3201182186603546
7,ventricle_left,18,80,0.30757883191108704
7,ventricle_left,18,81,0.31198373436927795
7,ventricle_left,18,82,0.31310102343559265
7,ventricle_left,18,83,0.30904942750930786
7,ventricle_left,18,84,0.3143916726112366
7,ventricle_left,18,85,0.3242581784725189
7,ventricle_left,18,86,0.31799593567848206
7,ventricle_left,18,87,0.2982231378555298
7,ventricle_left,18,88,0.306033194065094
7,ventricle_left,18,89,0.2934635579586029
7,ventricle_left,18,90,0.3088286519050598
7,ventricle_left,18,91,0.28544095158576965
7,ventricle_left,18,92,0.29423952102661133
7,ventricle_left,18,93,0.28652796149253845
7,ventricle_left,18,94,0.26844391226768494
7,ventricle_left,18,95,0.2570428252220154
7,ventricle_left,18,96,0.27847328782081604
7,ventricle_left,18,97,0.24969308078289032
7,ventricle_left,18,98,0.24858346581459045
7,ventricle_left,18,99,0.2593190670013428
7,ventricle_left,18,100,0.2623233199119568
8,hippocampus_right,13,1,1.1442618370056152
8,hippocampus_right,13,2,0.9820871353149414
8,hippocampus_right,13,3,0.9274517297744751
8,hippocampus_right,13,4,0.8935948014259338
8,hippocampus_right,13,5,0.863328218460083
8,hippocampus_right,13,6,0.8447402715682983
8,hippocampus_right,13,7,0.8300980925559998
8,hippocampus_right,13,8,0.8268120288848877
8,hippocampus_right,13,9,0.8120906352996826
8,hippocampus_right,13,10,0.7958035469055176
8,hippocampus_right,13,11,0.7879774570465088
8,hippocampus_right,13,12,0.7697124481201172
8,hippocampus_right,13,13,0.7672996520996094
8,hippocampus_right,13,14,0.7584232687950134
8,hippocampus_right,13,15,0.7511535882949829
8,hippocampus_right,13,16,0.7437418699264526
8,hippocampus_right,13,17,0.7403485774993896
8,hippocampus_right,13,18,0.726196825504303
8,hippocampus_right,13,19,0.7245673537254333
8,hippocampus_right,13,20,0.7134265899658203
8,hippocampus_right,13,21,0.7112259864807129
8,hippocampus_right,13,22,0.7107285857200623
8,hippocampus_right,13,23,0.703905463218689
8,hippocampus_right,13,24,0.70445716381073
8,hippocampus_right,13,25,0.6894897222518921
8,hippocampus_right,13,26,0.6849896907806396
8,hippocampus_right,13,27,0.6787497997283936
8,hippocampus_right,13,28,0.6645501852035522
8,hippocampus_right,13,29,0.6575056910514832
8,hippocampus_right,13,30,0.6542218923568726
8,hippocampus_right,13,31,0.6426852941513062
8,hippocampus_right,13,32,0.6330486536026001
8,hippocampus_right,13,33,0.6279910206794739
8,hippocampus_right,13,34,0.6176291108131409
8,hippocampus_right,13,35,0.609964907169342
8,hippocampus_right,13,36,0.6015085577964783
8,hippocampus_right,13,37,0.5886389017105103
8,hippocampus_right,13,38,0.5845707058906555
8,hippocampus_right,13,39,0.5813296437263489
8,hippocampus_right,13,40,0.5710923075675964
8,hippocampus_right,13,41,0.5760804414749146
8,hippocampus_right,13,42,0.564212441444397
8,hippocampus_right,13,43,0.5686684250831604
8,hippocampus_right,13,44,0.5702099204063416
8,hippocampus_right,13,45,0.571893572807312
8,hippocampus_right,13,46,0.5505898594856262
8,hippocampus_right,13,47,0.55018150806427
8,hippocampus_right,13,48,0.5438858866691589
8,hippocampus_right,13,49,0.5514151453971863
8,hippocampus_right,13,50,0.5424896478652954
8,hippocampus_right,13,51,0.5324152112007141
8,hippocampus_right,13,52,0.5252867341041565
8,hippocampus_right,13,53,0.5204879641532898
8,hippocampus_right,13,54,0.5043784976005554
8,hippocampus_right,13,55,0.49733206629753113
8,hippocampus_right,13,56,0.49236780405044556
8,hippocampus_right,13,57,0.477870911359787
8,hippocampus_right,13,58,0.47576776146888733
8,hippocampus_right,13,59,0.4775595963001251
8,hippocampus_right,13,60,0.46811044216156006
8,hippocampus_right,13,61,0.4692016541957855
8,hippocampus_right,13,62,0.46125149726867676
8,hippocampus_right,13,63,0.4637717604637146
8,hippocampus_right,13,64,0.4571855068206787
8,hippocampus_right,13,65,0.4536689817905426
8,hippocampus_right,13,66,0.44548648595809937
8,hippocampus_right,13,67,0.4338882863521576
8,hippocampus_right,13,68,0.42205509543418884
8,hippocampus_right,13,69,0.4272442162036896
8,hippocampus_right,13,70,0.44329214096069336
8,hippocampus_right,13,71,0.44992148876190186
8,hippocampus_right,13,72,0.4511764645576477
8,hippocampus_right,13,73,0.4339495003223419
8,hippocampus_right,13,74,0.43411746621131897
8,hippocampus_right,13,75,0.4321487843990326
8,hippocampus_right,13,76,0.41283002495765686
8,hippocampus_right,13,77,0.4004218578338623
8,hippocampus_right,13,78,0.38611891865730286
8,hippocampus_right,13,79,0.37685123085975647
8,hippocampus_right,13,80,0.3937187194824219
8,hippocampus_right,13,81,0.37786686420440674
8,hippocampus_right,13,82,0.37985891103744507
8,hippocampus_right,13,83,0.3677581548690796
8,hippocampus_right,13,84,0.37068018317222595
8,hippocampus_right,13,85,0.3821260333061218
8,hippocampus_right,13,86,0.3768497109413147
8,hippocampus_right,13,87,0.3849985897541046
8,hippocampus_right,13,88,0.37428387999534607
8,hippocampus_right,13,89,0.3855327069759369
8,hippocampus_right,13,90,0.3640758693218231
8,hippocampus_right,13,91,0.3778555989265442
8,hippocampus_right,13,92,0.3757952153682709
8,hippocampus_right,13,93,0.36895236372947693
8,hippocampus_right,13,94,0.3785974979400635
8,hippocampus_right,13,95,0.38182777166366577
8,hippocampus_right,13,96,0.36245617270469666
8,hippocampus_right,13,97,0.35892438888549805
8,hippocampus_right,13,98,0.3524238169193268
8,hippocampus_right,13,99,0.3290279507637024
8,hippocampus_right,13,100,0.3284708559513092
8,hippocampus_left,14,1,1.2507911920547485
8,hippocampus_left,14,2,1.153796672821045
8,hippocampus_left,14,3,0.9665924906730652
8,hippocampus_left,14,4,0.9102771878242493
8,hippocampus_left,14,5,0.8912997245788574
8,hippocampus_left,14,6,0.8670762181282043
8,hippocampus_left,14,7,0.8497318625450134
8,hippocampus_left,14,8,0.836229681968689
8,hippocampus_left,14,9,0.8274978995323181
8,hippocampus_left,14,10,0.8163784742355347
8,hippocampus_left,14,11,0.8071327805519104
8,hippocampus_left,14,12,0.7943097352981567
8,hippocampus_left,14,13,0.7827651500701904
8,hippocampus_left,14,14,0.777304470539093
8,hippocampus_left,14,15,0.7827872037887573
8,hippocampus_left,14,16,0.7750676870346069
8,hippocampus_left,14,17,0.762424886226654
8,hippocampus_left,14,18,0.7521792650222778
8,hippocampus_left,14,19,0.7453250885009766
8,hippocampus_left,14,20,0.7328625321388245
8,hippocampus_left,14,21,0.7253444790840149
8,hippocampus_left,14,22,0.7210491299629211
8,hippocampus_left,14,23,0.7136868238449097
8,hippocampus_left,14,24,0.7064836621284485
8,hippocampus_left,14,25,0.6991487145423889
8,hippocampus_left,14,26,0.6864382028579712
8,hippocampus_left,14,27,0.6784914135932922
8,hippocampus_left,14,28,0.6679034233093262
8,hippocampus_left,14,29,0.6668805480003357
8,hippocampus_left,14,30,0.6574706435203552
8,hippocampus_left,14,31,0.6585357785224915
8,hippocampus_left,14,32,0.6453809142112732
8,hippocampus_left,14,33,0.634810209274292
8,hippocampus_left,14,34,0.6285699009895325
8,hippocampus_left,14,35,0.6184254288673401
8,hippocampus_left,14,36,0.6096180081367493
8,hippocampus_left,14,37,0.5980982780456543
8,hippocampus_left,14,38,0.5893815755844116
8,hippocampus_left,14,39,0.5867941975593567
8,hippocampus_left,14,40,0.5822476148605347
8,hippocampus_left,14,41,0.5730686187744141
8,hippocampus_left,14,42,0.561237633228302
8,hippocampus_left,14,43,0.5583058595657349
8,hippocampus_left,14,44,0.5547568202018738
8,hippocampus_left,14,45,0.5529199838638306
8,hippocampus_left,14,46,0.536856472492218
8,hippocampus_left,14,47,0.5396997332572937
8,hippocampus_left,14,48,0.5330469012260437
8,hippocampus_left,14,49,0.5266544222831726
8,hippocampus_left,14,50,0.5235772132873535
8,hippocampus_left,14,51,0.5127397775650024
8,hippocampus_left,14,52,0.5008557438850403
8,hippocampus_left,14,53,0.4988543689250946
8,hippocampus_left,14,54,0.48909494280815125
8,hippocampus_left,14,55,0.4911738336086273
8,hippocampus_left,14,56,0.5082746744155884
8,hippocampus_left,14,57,0.5156792402267456
8,hippocampus_left,14,58,0.5034209489822388
8,hippocampus_left,14,59,0.5087462067604065
8,hippocampus_left,14,60,0.5117470622062683
8,hippocampus_left,14,61,0.5013532638549805
8,hippocampus_left,14,62,0.49927639961242676
8,hippocampus_left,14,63,0.49831125140190125
8,hippocampus_left,14,64,0.4855021834373474
8,hippocampus_left,14,65,0.5018311142921448
8,hippocampus_left,14,66,0.49343201518058777
8,hippocampus_left,14,67,0.492702841758728
8,hippocampus_left,14,68,0.4744366407394409
8,hippocampus_left,14,69,0.4785056412220001
8,hippocampus_left,14,70,0.4606180191040039
8,hippocampus_left,14,71,0.4484529495239258
8,hippocampus_left,14,72,0.4351542592048645
8,hippocampus_left,14,73,0.43495967984199524
8,hippocampus_left,14,74,0.42733609676361084
8,hippocampus_left,14,75,0.43200716376304626
8,hippocampus_left,14,76,0.4347775876522064
8,hippocampus_left,14,77,0.4577208161354065
8,hippocampus_left,14,78,0.44249311089515686
8,hippocampus_left,14,79,0.4398077726364136
8,hippocampus_left,14,80,0.4206446707248688
8,hippocampus_left,14,81,0.4254951477050781
8,hippocampus_left,14,82,0.41398027539253235
8,hippocampus_left,14,83,0.4243532717227936
8,hippocampus_left,14,84,0.4147946238517761
8,hippocampus_left,14,85,0.4063718318939209
8,hippocampus_left,14,86,0.3989057242870331
8,hippocampus_left,14,87,0.3949294090270996
8,hippocampus_left,14,88,0.3955366313457489
8,hippocampus_left,14,89,0.38979122042655945
8,hippocampus_left,14,90,0.38952702283859253
8,hippocampus_left,14,91,0.3888861835002899
8,hippocampus_left,14,92,0.37271493673324585
8,hippocampus_left,14,93,0.36360737681388855
8,hippocampus_left,14,94,0.36489731073379517
8,hippocampus_left,14,95,0.368030309677124
8,hippocampus_left,14,96,0.35258492827415466
8,hippocampus_left,14,97,0.34941190481185913
8,hippocampus_left,14,98,0.3536991477012634
8,hippocampus_left,14,99,0.34650909900665283
8,hippocampus_left,14,100,0.347305566072464
8,ventricle_right,17,1,1.260292887687683
8,ventricle_right,17,2,1.0121607780456543
8,ventricle_right,17,3,0.9347583651542664
8,ventricle_right,17,4,0.9032321572303772
8,ventricle_right,17,5,0.8747931718826294
8,ventricle_right,17,6,0.8564286828041077
8,ventricle_right,17,7,0.845495879650116
8,ventricle_right,17,8,0.8252306580543518
8,ventricle_right,17,9,0.8138816952705383
8,ventricle_right,17,10,0.8002428412437439
8,ventricle_right,17,11,0.7892159223556519
8,ventricle_right,17,12,0.785224199295044
8,ventricle_right,17,13,0.7799693942070007
8,ventricle_right,17,14,0.7664346694946289
8,ventricle_right,17,15,0.7586552500724792
8,ventricle_right,17,16,0.7421194314956665
8,ventricle_right,17,17,0.7333540320396423
8,ventricle_right,17,18,0.7327927350997925
8,ventricle_right,17,19,0.7500391006469727
8,ventricle_right,17,20,0.7179279327392578
8,ventricle_right,17,21,0.7121503353118896
8,ventricle_right,17,22,0.7071191072463989
8,ventricle_right,17,23,0.6902375817298889
8,ventricle_right,17,24,0.6837862133979797
8,ventricle_right,17,25,0.6646447777748108
8,ventricle_right,17,26,0.6528295874595642
8,ventricle_right,17,27,0.6420996785163879
8,ventricle_right,17,28,0.6304130554199219
8,ventricle_right,17,29,0.6209996938705444
8,ventricle_right,17,30,0.6107045412063599
8,ventricle_right,17,31,0.6031163930892944
8,ventricle_right,17,32,0.6031852960586548
8,ventricle_right,17,33,0.5913711786270142
8,ventricle_right,17,34,0.5808838605880737
8,ventricle_right,17,35,0.5749279260635376
8,ventricle_right,17,36,0.5811498165130615
8,ventricle_right,17,37,0.5766313076019287
8,ventricle_right,17,38,0.5772445797920227
8,ventricle_right,17,39,0.574122965335846
8,ventricle_right,17,40,0.5572224259376526
8,ventricle_right,17,41,0.5490366220474243
8,ventricle_right,17,42,0.5388545393943787
8,ventricle_right,17,43,0.5299277901649475
8,ventricle_right,17,44,0.5278639197349548
8,ventricle_right,17,45,0.5212689638137817
8,ventricle_right,17,46,0.5114930272102356
8,ventricle_right,17,47,0.4964654743671417
8,ventricle_right,17,48,0.4917683005332947
8,ventricle_right,17,49,0.49181970953941345
8,ventricle_right,17,50,0.4856502413749695
8,ventricle_right,17,51,0.47666746377944946
8,ventricle_right,17,52,0.4679332375526428
8,ventricle_right,17,53,0.474856972694397
8,ventricle_right,17,54,0.45962435007095337
8,ventricle_right,17,55,0.4645504653453827
8,ventricle_right,17,56,0.4431697130203247
8,ventricle_right,17,57,0.4367994964122772
8,ventricle_right,17,58,0.4284103810787201
8,ventricle_right,17,59,0.42746731638908386
8,ventricle_right,17,60,0.41764989495277405
8,ventricle_right,17,61,0.4110407531261444
8,ventricle_right,17,62,0.4018426537513733
8,ventricle_right,17,63,0.3916071355342865
8,ventricle_right,17,64,0.4019908010959625
8,ventricle_right,17,65,0.39330393075942993
8,ventricle_right,17,66,0.38707420229911804
8,ventricle_right,17,67,0.3857915997505188
8,ventricle_right,17,68,0.38634800910949707
8,ventricle_right,17,69,0.39347919821739197
8,ventricle_right,17,70,0.38098180294036865
8,ventricle_right,17,71,0.36532270908355713
8,ventricle_right,17,72,0.35534846782684326
8,ventricle_right,17,73,0.3505096137523651
8,ventricle_right,17,74,0.3367839455604553
8,ventricle_right,17,75,0.3305984437465668
8,ventricle_right,17,76,0.31404250860214233
8,ventricle_right,17,77,0.30774444341659546
8,ventricle_right,17,78,0.3122412860393524
8,ventricle_right,17,79,0.3236248195171356
8,ventricle_right,17,80,0.30538928508758545
8,ventricle_right,17,81,0.3017442524433136
8,ventricle_right,17,82,0.30580294132232666
8,ventricle_right,17,83,0.3144693076610565
8,ventricle_right,17,84,0.3065110146999359
8,ventricle_right,17,85,0.3088753819465637
8,ventricle_right,17,86,0.2994776964187622
8,ventricle_right,17,87,0.28789955377578735
8,ventricle_right,17,88,0.26634255051612854
8,ventricle_right,17,89,0.26707831025123596
8,ventricle_right,17,90,0.2615654468536377
8,ventricle_right,17,91,0.25291526317596436
8,ventricle_right,17,92,0.2487887591123581
8,ventricle_right,17,93,0.2401437759399414
8,ventricle_right,17,94,0.24341610074043274
8,ventricle_right,17,95,0.22546789050102234
8,ventricle_right,17,96,0.2263372540473938
8,ventricle_right,17,97,0.2207988053560257
8,ventricle_right,17,98,0.2208246886730194
8,ventricle_right,17,99,0.2288006842136383
8,ventricle_right,17,100,0.24700796604156494
8,ventricle_left,18,1,1.254045009613037
8,ventricle_left,18,2,1.0957857370376587
8,ventricle_left,18,3,0.9208635687828064
8,ventricle_left,18,4,0.8834600448608398
8,ventricle_left,18,5,0.8529559969902039
8,ventricle_left,18,6,0.8423651456832886
8,ventricle_left,18,7,0.8248392343521118
8,ventricle_left,18,8,0.8152644634246826
8,ventricle_left,18,9,0.8069559931755066
8,ventricle_left,18,10,0.7985391616821289
8,ventricle_left,18,11,0.8007918000221252
8,ventricle_left,18,12,0.7835251688957214
8,ventricle_left,18,13,0.778497040271759
8,ventricle_left,18,14,0.7661104202270508
8,ventricle_left,18,15,0.7551746368408203
8,ventricle_left,18,16,0.7433095574378967
8,ventricle_left,18,17,0.7396370768547058
8,ventricle_left,18,18,0.7381107807159424
8,ventricle_left,18,19,0.7178308367729187
8,ventricle_left,18,20,0.7137471437454224
8,ventricle_left,18,21,0.7055846452713013
8,ventricle_left,18,22,0.6891701817512512
8,ventricle_left,18,23,0.6825163960456848
8,ventricle_left,18,24,0.6718509197235107
8,ventricle_left,18,25,0.6664872169494629
8,ventricle_left,18,26,0.6592427492141724
8,ventricle_left,18,27,0.6476225852966309
8,ventricle_left,18,28,0.6378276944160461
8,ventricle_left,18,29,0.6306833028793335
8,ventricle_left,18,30,0.6218106150627136
8,ventricle_left,18,31,0.626142680644989
8,ventricle_left,18,32,0.6148046255111694
8,ventricle_left,18,33,0.6031155586242676
8,ventricle_left,18,34,0.5887930393218994
8,ventricle_left,18,35,0.5800440311431885
8,ventricle_left,18,36,0.5693234205245972
8,ventricle_left,18,37,0.5557931661605835
8,ventricle_left,18,38,0.5484696626663208
8,ventricle_left,18,39,0.546837568283081
8,ventricle_left,18,40,0.551547646522522
8,ventricle_left,18,41,0.5361064076423645
8,ventricle_left,18,42,0.523309051990509
8,ventricle_left,18,43,0.5198286175727844
8,ventricle_left,18,44,0.5044877529144287
8,ventricle_left,18,45,0.4980296194553375
8,ventricle_left,18,46,0.4998014271259308
8,ventricle_left,18,47,0.4863745868206024
8,ventricle_left,18,48,0.49919769167900085
8,ventricle_left,18,49,0.4994089603424072
8,ventricle_left,18,50,0.5045044422149658
8,ventricle_left,18,51,0.4815928637981415
8,ventricle_left,18,52,0.48011714220046997
8,ventricle_left,18,53,0.46982407569885254
8,ventricle_left,18,54,0.45077207684516907
8,ventricle_left,18,55,0.44109416007995605
8,ventricle_left,18,56,0.42118847370147705
8,ventricle_left,18,57,0.4107212424278259
8,ventricle_left,18,58,0.4142765998840332
8,ventricle_left,18,59,0.4108302593231201
8,ventricle_left,18,60,0.415262371301651
8,ventricle_left,18,61,0.4237656593322754
8,ventricle_left,18,62,0.4260658919811249
8,ventricle_left,18,63,0.43433743715286255
8,ventricle_left,18,64,0.4261592626571655
8,ventricle_left,18,65,0.40749630331993103
8,ventricle_left,18,66,0.38030028343200684
8,ventricle_left,18,67,0.37186199426651
8,ventricle_left,18,68,0.3698076605796814
8,ventricle_left,18,69,0.35639721155166626
8,ventricle_left,18,70,0.3507731258869171
8,ventricle_left,18,71,0.33660823106765747
8,ventricle_left,18,72,0.3254241943359375
8,ventricle_left,18,73,0.3185352385044098
8,ventricle_left,18,74,0.3230244517326355
8,ventricle_left,18,75,0.32123053073883057
8,ventricle_left,18,76,0.33011624217033386
8,ventricle_left,18,77,0.32768920063972473
8,ventricle_left,18,78,0.3408717215061188
8,ventricle_left,18,79,0.3351067304611206
8,ventricle_left,18,80,0.33201301097869873
8,ventricle_left,18,81,0.3153379261493683
8,ventricle_left,18,82,0.30428433418273926
8,ventricle_left,18,83,0.290798157453537
8,ventricle_left,18,84,0.2842208445072174
8,ventricle_left,18,85,0.2810908555984497
8,ventricle_left,18,86,0.2673698663711548
8,ventricle_left,18,87,0.2640656530857086
8,ventricle_left,18,88,0.2557004392147064
8,ventricle_left,18,89,0.26438385248184204
8,ventricle_left,18,90,0.25805386900901794
8,ventricle_left,18,91,0.244976207613945
8,ventricle_left,18,92,0.2353121042251587
8,ventricle_left,18,93,0.21280625462532043
8,ventricle_left,18,94,0.22017480432987213
8,ventricle_left,18,95,0.22212593257427216
8,ventricle_left,18,96,0.22304272651672363
8,ventricle_left,18,97,0.22850126028060913
8,ventricle_left,18,98,0.2313404530286789
8,ventricle_left,18,99,0.22668889164924622
8,ventricle_left,18,100,0.22966495156288147
9,hippocampus_right,13,1,1.210984468460083
9,hippocampus_right,13,2,1.0643175840377808
9,hippocampus_right,13,3,0.9614909887313843
9,hippocampus_right,13,4,0.9210065603256226
9,hippocampus_right,13,5,0.8989560604095459
9,hippocampus_right,13,6,0.8730143904685974
9,hippocampus_right,13,7,0.854711651802063
9,hippocampus_right,13,8,0.8397729396820068
9,hippocampus_right,13,9,0.8226755857467651
9,hippocampus_right,13,10,0.8116709589958191
9,hippocampus_right,13,11,0.8020966053009033
9,hippocampus_right,13,12,0.7898164391517639
9,hippocampus_right,13,13,0.7795095443725586
9,hippocampus_right,13,14,0.7738315463066101
9,hippocampus_right,13,15,0.7646249532699585
9,hippocampus_right,13,16,0.7549368739128113
9,hippocampus_right,13,17,0.7564327120780945
9,hippocampus_right,13,18,0.748207688331604
9,hippocampus_right,13,19,0.7371425032615662
9,hippocampus_right,13,20,0.7267982959747314
9,hippocampus_right,13,21,0.7144833207130432
9,hippocampus_right,13,22,0.7033327221870422
9,hippocampus_right,13,23,0.6936585903167725
9,hippocampus_right,13,24,0.6847068667411804
9,hippocampus_right,13,25,0.6884273886680603
9,hippocampus_right,13,26,0.688191831111908
9,hippocampus_right,13,27,0.682711660861969
9,hippocampus_right,13,28,0.678508996963501
9,hippocampus_right,13,29,0.6628987193107605
9,hippocampus_right,13,30,0.6515112519264221
9,hippocampus_right,13,31,0.641624927520752
9,hippocampus_right,13,32,0.6268194913864136
9,hippocampus_right,13,33,0.6162997484207153
9,hippocampus_right,13,34,0.605575680732727
9,hippocampus_right,13,35,0.6033547520637512
9,hippocampus_right,13,36,0.5910534262657166
9,hippocampus_right,13,37,0.5898405909538269
9,hippocampus_right,13,38,0.588628351688385
9,hippocampus_right,13,39,0.5831485986709595
9,hippocampus_right,13,40,0.5888898968696594
9,hippocampus_right,13,41,0.6021350622177124
9,hippocampus_right,13,42,0.5952913761138916
9,hippocampus_right,13,43,0.5927428603172302
9,hippocampus_right,13,44,0.5863664746284485
9,hippocampus_right,13,45,0.563336968421936
9,hippocampus_right,13,46,0.55830317735672
9,hippocampus_right,13,47,0.5528478026390076
9,hippocampus_right,13,48,0.5477321147918701
9,hippocampus_right,13,49,0.530414342880249
9,hippocampus_right,13,50,0.5229591727256775
9,hippocampus_right,13,51,0.5203671455383301
9,hippocampus_right,13,52,0.5073143839836121
9,hippocampus_right,13,53,0.5000085234642029
9,hippocampus_right,13,54,0.5035593509674072
9,hippocampus_right,13,55,0.48947766423225403
9,hippocampus_right,13,56,0.49815526604652405
9,hippocampus_right,13,57,0.488558828830719
9,hippocampus_right,13,58,0.49395763874053955
9,hippocampus_right,13,59,0.47493112087249756
9,hippocampus_right,13,60,0.47987157106399536
9,hippocampus_right,13,61,0.4776872396469116
9,hippocampus_right,13,62,0.4593106508255005
9,hippocampus_right,13,63,0.46771565079689026
9,hippocampus_right,13,64,0.46187108755111694
9,hippocampus_right,13,65,0.46112969517707825
9,hippocampus_right,13,66,0.44753900170326233
9,hippocampus_right,13,67,0.4495011866092682
9,hippocampus_right,13,68,0.43922674655914307
9,hippocampus_right,13,69,0.42296916246414185
9,hippocampus_right,13,70,0.42351341247558594
9,hippocampus_right,13,71,0.43855127692222595
9,hippocampus_right,13,72,0.42886215448379517
9,hippocampus_right,13,73,0.44246146082878113
9,hippocampus_right,13,74,0.44123375415802
9,hippocampus_right,13,75,0.43159955739974976
9,hippocampus_right,13,76,0.442342072725296
9,hippocampus_right,13,77,0.42650550603866577
9,hippocampus_right,13,78,0.4176252484321594
9,hippocampus_right,13,79,0.41145455837249756
9,hippocampus_right,13,80,0.3987559974193573
9,hippocampus_right,13,81,0.3969031274318695
9,hippocampus_right,13,82,0.379672646522522
9,hippocampus_right,13,83,0.37538638710975647
9,hippocampus_right,13,84,0.3792138993740082
9,hippocampus_right,13,85,0.3673091232776642
9,hippocampus_right,13,86,0.3596688210964203
9,hippocampus_right,13,87,0.36783626675605774
9,hippocampus_right,13,88,0.3664747476577759
9,hippocampus_right,13,89,0.3676464557647705
9,hippocampus_right,13,90,0.35721996426582336
9,hippocampus_right,13,91,0.3481407165527344
9,hippocampus_right,13,92,0.37703537940979004
9,hippocampus_right,13,93,0.3620007634162903
9,hippocampus_right,13,94,0.3703203499317169
9,hippocampus_right,13,95,0.35055890679359436
9,hippocampus_right,13,96,0.346303254365921
9,hippocampus_right,13,97,0.3350618779659271
9,hippocampus_right,13,98,0.3433084785938263
9,hippocampus_right,13,99,0.32392850518226624
9,hippocampus_right,13,100,0.3304085433483124
9,hippocampus_left,14,1,1.170000433921814
9,hippocampus_left,14,2,0.9847698211669922
9,hippocampus_left,14,3,0.9212244749069214
9,hippocampus_left,14,4,0.8795987367630005
9,hippocampus_left,14,5,0.8646004796028137
9,hippocampus_left,14,6,0.8449440598487854
9,hippocampus_left,14,7,0.8355291485786438
9,hippocampus_left,14,8,0.835553765296936
9,hippocampus_left,14,9,0.8159208297729492
9,hippocampus_left,14,10,0.8033691048622131
9,hippocampus_left,14,11,0.7911056280136108
9,hippocampus_left,14,12,0.7756720781326294
9,hippocampus_left,14,13,0.7673130035400391
9,hippocampus_left,14,14,0.7627480626106262
9,hippocampus_left,14,15,0.7530257105827332
9,hippocampus_left,14,16,0.7548219561576843
9,hippocampus_left,14,17,0.7406579256057739
9,hippocampus_left,14,18,0.7344648241996765
9,hippocampus_left,14,19,0.7293399572372437
9,hippocampus_left,14,20,0.7231651544570923
9,hippocampus_left,14,21,0.7162831425666809
9,hippocampus_left,14,22,0.7003481388092041
9,hippocampus_left,14,23,0.69893479347229
9,hippocampus_left,14,24,0.6871892809867859
9,hippocampus_left,14,25,0.6799418330192566
9,hippocampus_left,14,26,0.6765717267990112
9,hippocampus_left,14,27,0.6722345352172852
9,hippocampus_left,14,28,0.6608600616455078
9,hippocampus_left,14,29,0.6496583819389343
9,hippocampus_left,14,30,0.6494922041893005
9,hippocampus_left,14,31,0.6392527222633362
9,hippocampus_left,14,32,0.6492125391960144
9,hippocampus_left,14,33,0.6390378475189209
9,hippocampus_left,14,34,0.6278601884841919
9,hippocampus_left,14,35,0.6301130056381226
9,hippocampus_left,14,36,0.6291764974594116
9,hippocampus_left,14,37,0.6194651126861572
9,hippocampus_left,14,38,0.6097729802131653
9,hippocampus_left,14,39,0.6069119572639465
9,hippocampus_left,14,40,0.5894081592559814
9,hippocampus_left,14,41,0.5829019546508789
9,hippocampus_left,14,42,0.5826376080513
9,hippocampus_left,14,43,0.5669977068901062
9,hippocampus_left,14,44,0.5547029972076416
9,hippocampus_left,14,45,0.5505560040473938
9,hippocampus_left,14,46,0.5381261706352234
9,hippocampus_left,14,47,0.5404377579689026
9,hippocampus_left,14,48,0.5354487299919128
9,hippocampus_left,14,49,0.5223658680915833
9,hippocampus_left,14,50,0.5241793990135193
9,hippocampus_left,14,51,0.514361560344696
9,hippocampus_left,14,52,0.5273378491401672
9,hippocampus_left,14,53,0.5275599360466003
9,hippocampus_left,14,54,0.5276586413383484
9,hippocampus_left,14,55,0.5229259729385376
9,hippocampus_left,14,56,0.5190067291259766
9,hippocampus_left,14,57,0.5075600743293762
9,hippocampus_left,14,58,0.5049607157707214
9,hippocampus_left,14,59,0.4916720390319824
9,hippocampus_left,14,60,0.48604029417037964
9,hippocampus_left,14,61,0.47719812393188477
9,hippocampus_left,14,62,0.46934348344802856
9,hippocampus_left,14,63,0.45858126878738403
9,hippocampus_left,14,64,0.45285555720329285
9,hippocampus_left,14,65,0.45337072014808655
9,hippocampus_left,14,66,0.4596365988254547
9,hippocampus_left,14,67,0.4618469774723053
9,hippocampus_left,14,68,0.45506396889686584
9,hippocampus_left,14,69,0.4487840533256531
9,hippocampus_left,14,70,0.44211485981941223
9,hippocampus_left,14,71,0.4421863853931427
9,hippocampus_left,14,72,0.4195089340209961
9,hippocampus_left,14,73,0.4205019474029541
9,hippocampus_left,14,74,0.4197143316268921
9,hippocampus_left,14,75,0.4191839098930359
9,hippocampus_left,14,76,0.4264967441558838
9,hippocampus_left,14,77,0.4075528383255005
9,hippocampus_left,14,78,0.3943536579608917
9,hippocampus_left,14,79,0.4004194736480713
9,hippocampus_left,14,80,0.3984111547470093
9,hippocampus_left,14,81,0.3916262090206146
9,hippocampus_left,14,82,0.3901200592517853
9,hippocampus_left,14,83,0.3800172209739685
9,hippocampus_left,14,84,0.37233495712280273
9,hippocampus_left,14,85,0.3656579554080963
9,hippocampus_left,14,86,0.35619449615478516
9,hippocampus_left,14,87,0.3647126853466034
9,hippocampus_left,14,88,0.3610548675060272
9,hippocampus_left,14,89,0.36643823981285095
9,hippocampus_left,14,90,0.3579927980899811
9,hippocampus_left,14,91,0.3573828339576721
9,hippocampus_left,14,92,0.3665124773979187
9,hippocampus_left,14,93,0.37559613585472107
9,hippocampus_left,14,94,0.3548600673675537
9,hippocampus_left,14,95,0.3653746247291565
9,hippocampus_left,14,96,0.34634342789649963
9,hippocampus_left,14,97,0.3345932364463806
9,hippocampus_left,14,98,0.31966838240623474
9,hippocampus_left,14,99,0.31582343578338623
9,hippocampus_left,14,100,0.31855496764183044
9,ventricle_right,17,1,1.2709646224975586
9,ventricle_right,17,2,1.010953426361084
9,ventricle_right,17,3,0.9489943385124207
9,ventricle_right,17,4,0.9006344079971313
9,ventricle_right,17,5,0.8781720995903015
9,ventricle_right,17,6,0.856157660484314
9,ventricle_right,17,7,0.8445950150489807
9,ventricle_right,17,8,0.8282194137573242
9,ventricle_right,17,9,0.8184543251991272
9,ventricle_right,17,10,0.8056648373603821
9,ventricle_right,17,11,0.7937706112861633
9,ventricle_right,17,12,0.7844685912132263
9,ventricle_right,17,13,0.7760882377624512
9,ventricle_right,17,14,0.7885304093360901
9,ventricle_right,17,15,0.775497555732727
9,ventricle_right,17,16,0.7720869779586792
9,ventricle_right,17,17,0.7585833668708801
9,ventricle_right,17,18,0.7436278462409973
9,ventricle_right,17,19,0.7337384223937988
9,ventricle_right,17,20,0.7211642265319824
9,ventricle_right,17,21,0.7074950933456421
9,ventricle_right,17,22,0.6959795951843262
9,ventricle_right,17,23,0.6892547607421875
9,ventricle_right,17,24,0.6809481978416443
9,ventricle_right,17,25,0.6685441136360168
9,ventricle_right,17,26,0.6623209118843079
9,ventricle_right,17,27,0.6471129059791565
9,ventricle_right,17,28,0.6421188712120056
9,ventricle_right,17,29,0.6319195628166199
9,ventricle_right,17,30,0.619326114654541
9,ventricle_right,17,31,0.6121600866317749
9,ventricle_right,17,32,0.6061477065086365
9,ventricle_right,17,33,0.5922161340713501
9,ventricle_right,17,34,0.5814999938011169
9,ventricle_right,17,35,0.5748420357704163
9,ventricle_right,17,36,0.563096284866333
9,ventricle_right,17,37,0.5589390993118286
9,ventricle_right,17,38,0.5694258809089661
9,ventricle_right,17,39,0.5697636008262634
9,ventricle_right,17,40,0.5592067837715149
9,ventricle_right,17,41,0.5461326837539673
9,ventricle_right,17,42,0.5365559458732605
9,ventricle_right,17,43,0.5276830196380615
9,ventricle_right,17,44,0.5211347937583923
9,ventricle_right,17,45,0.531109631061554
9,ventricle_right,17,46,0.5423867106437683
9,ventricle_right,17,47,0.5425357818603516
9,ventricle_right,17,48,0.5347537994384766
9,ventricle_right,17,49,0.5176694393157959
9,ventricle_right,17,50,0.5085609555244446
9,ventricle_right,17,51,0.4973953068256378
9,ventricle_right,17,52,0.4835882782936096
9,ventricle_right,17,53,0.4660801887512207
9,ventricle_right,17,54,0.45489364862442017
9,ventricle_right,17,55,0.4429551661014557
9,ventricle_right,17,56,0.4332922399044037
9,ventricle_right,17,57,0.42545944452285767
9,ventricle_right,17,58,0.4260321259498596
9,ventricle_right,17,59,0.4309471845626831
9,ventricle_right,17,60,0.42433711886405945
9,ventricle_right,17,61,0.4242454767227173
9,ventricle_right,17,62,0.437224805355072
9,ventricle_right,17,63,0.4292450249195099
9,ventricle_right,17,64,0.4383031725883484
9,ventricle_right,17,65,0.4087052047252655
9,ventricle_right,17,66,0.4214022159576416
9,ventricle_right,17,67,0.40800508856773376
9,ventricle_right,17,68,0.3980175852775574
9,ventricle_right,17,69,0.3864644169807434
9,ventricle_right,17,70,0.3839692175388336
9,ventricle_right,17,71,0.37430644035339355
9,ventricle_right,17,72,0.36924949288368225
9,ventricle_right,17,73,0.35360077023506165
9,ventricle_right,17,74,0.33634161949157715
9,ventricle_right,17,75,0.32723021507263184
9,ventricle_right,17,76,0.32823801040649414
9,ventricle_right,17,77,0.318631649017334
9,ventricle_right,17,78,0.3170147240161896
9,ventricle_right,17,79,0.31807100772857666
9,ventricle_right,17,80,0.32438820600509644
9,ventricle_right,17,81,0.33308231830596924
9,ventricle_right,17,82,0.3246043920516968
9,ventricle_right,17,83,0.32672375440597534
9,ventricle_right,17,84,0.3104102313518524
9,ventricle_right,17,85,0.29881206154823303
9,ventricle_right,17,86,0.30245891213417053
9,ventricle_right,17,87,0.2813797891139984
9,ventricle_right,17,88,0.28747785091400146
9,ventricle_right,17,89,0.2846730351448059
9,ventricle_right,17,90,0.27515459060668945
9,ventricle_right,17,91,0.26756158471107483
9,ventricle_right,17,92,0.2633853554725647
9,ventricle_right,17,93,0.2763423025608063
9,ventricle_right,17,94,0.2625043988227844
9,ventricle_right,17,95,0.27619585394859314
9,ventricle_right,17,96,0.26974406838417053
9,ventricle_right,17,97,0.2827773690223694
9,ventricle_right,17,98,0.25815489888191223
9,ventricle_right,17,99,0.24663913249969482
9,ventricle_right,17,100,0.22848981618881226
9,ventricle_left,18,1,1.224711537361145
9,ventricle_left,18,2,0.9958869218826294
9,ventricle_left,18,3,0.9315926432609558
9,ventricle_left,18,4,0.8872188925743103
9,ventricle_left,18,5,0.8577691912651062
9,ventricle_left,18,6,0.8426142334938049
9,ventricle_left,18,7,0.8281413912773132
9,ventricle_left,18,8,0.8148601651191711
9,ventricle_left,18,9,0.80345219373703
9,ventricle_left,18,10,0.7947119474411011
9,ventricle_left,18,11,0.7893998622894287
9,ventricle_left,18,12,0.7778765559196472
9,ventricle_left,18,13,0.7694298624992371
9,ventricle_left,18,14,0.7594502568244934
9,ventricle_left,18,15,0.7487274408340454
9,ventricle_left,18,16,0.7515482306480408
9,ventricle_left,18,17,0.7583507299423218
9,ventricle_left,18,18,0.7310062646865845
9,ventricle_left,18,19,0.7219379544258118
9,ventricle_left,18,20,0.71197110414505
9,ventricle_left,18,21,0.7018110156059265
9,ventricle_left,18,22,0.6868818402290344
9,ventricle_left,18,23,0.6734859943389893
9,ventricle_left,18,24,0.6683762073516846
9,ventricle_left,18,25,0.6629518866539001
9,ventricle_left,18,26,0.6489565968513489
9,ventricle_left,18,27,0.6404828429222107
9,ventricle_left,18,28,0.6260993480682373
9,ventricle_left,18,29,0.6197031140327454
9,ventricle_left,18,30,0.6122838258743286
9,ventricle_left,18,31,0.6026642918586731
9,ventricle_left,18,32,0.5999306440353394
9,ventricle_left,18,33,0.6030763387680054
9,ventricle_left,18,34,0.5920793414115906
9,ventricle_left,18,35,0.5835261344909668
9,ventricle_left,18,36,0.5831406712532043
9,ventricle_left,18,37,0.5698919892311096
9,ventricle_left,18,38,0.5716134309768677
9,ventricle_left,18,39,0.557452917098999
9,ventricle_left,18,40,0.5484893918037415
9,ventricle_left,18,41,0.5450867414474487
9,ventricle_left,18,42,0.5334515571594238
9,ventricle_left,18,43,0.5276898145675659
9,ventricle_left,18,44,0.5189732313156128
9,ventricle_left,18,45,0.5110296010971069
9,ventricle_left,18,46,0.5067769885063171
9,ventricle_left,18,47,0.5032930970191956
9,ventricle_left,18,48,0.49787092208862305
9,ventricle_left,18,49,0.48106053471565247
9,ventricle_left,18,50,0.4741326570510864
9,ventricle_left,18,51,0.46479809284210205
9,ventricle_left,18,52,0.4523268938064575
9,ventricle_left,18,53,0.45026347041130066
9,ventricle_left,18,54,0.4421604573726654
9,ventricle_left,18,55,0.43958762288093567
9,ventricle_left,18,56,0.4399479627609253
9,ventricle_left,18,57,0.43628907203674316
9,ventricle_left,18,58,0.4389457404613495
9,ventricle_left,18,59,0.4324129819869995
9,ventricle_left,18,60,0.4179685413837433
9,ventricle_left,18,61,0.4098161458969116
9,ventricle_left,18,62,0.4082265794277191
9,ventricle_left,18,63,0.3973807990550995
9,ventricle_left,18,64,0.3937973082065582
9,ventricle_left,18,65,0.3829702138900757
9,ventricle_left,18,66,0.3990887701511383
9,ventricle_left,18,67,0.3898092806339264
9,ventricle_left,18,68,0.383843332529068
9,ventricle_left,18,69,0.36517685651779175
9,ventricle_left,18,70,0.3643268942832947
9,ventricle_left,18,71,0.3530232906341553
9,ventricle_left,18,72,0.34083759784698486
9,ventricle_left,18,73,0.34640076756477356
9,ventricle_left,18,74,0.34420135617256165
9,ventricle_left,18,75,0.32776138186454773
9,ventricle_left,18,76,0.32747626304626465
9,ventricle_left,18,77,0.32294294238090515
9,ventricle_left,18,78,0.31638944149017334
9,ventricle_left,18,79,0.3245880603790283
9,ventricle_left,18,80,0.31969577074050903
9,ventricle_left,18,81,0.30746522545814514
9,ventricle_left,18,82,0.2995899021625519
9,ventricle_left,18,83,0.2913875877857208
9,ventricle_left,18,84,0.2875511050224304
9,ventricle_left,18,85,0.29013195633888245
9,ventricle_left,18,86,0.2837454080581665
9,ventricle_left,18,87,0.2652953863143921
9,ventricle_left,18,88,0.26257219910621643
9,ventricle_left,18,89,0.24386991560459137
9,ventricle_left,18,90,0.2581894099712372
9,ventricle_left,18,91,0.25145527720451355
9,ventricle_left,18,92,0.26491010189056396
9,ventricle_left,18,93,0.26095831394195557
9,ventricle_left,18,94,0.27568235993385315
9,ventricle_left,18,95,0.2623872458934784
9,ventricle_left,18,96,0.24247343838214874
9,ventricle_left,18,97,0.2440502792596817
9,ventricle_left,18,98,0.23524440824985504
9,ventricle_left,18,99,0.22288158535957336
9,ventricle_left,18,100,0.21692101657390594
